household_id,avg_outdoor_temp,humidity_percent,energy_saving_mode
H0001,32.1,46,No
H0002,43.3,67,No
H0003,71.0,80,Yes
H0004,51.5,80,No
H0005,80.4,78,Yes
H0006,72.1,88,Yes
H0007,61.0,41,Yes
H0008,83.7,56,No
H0009,61.4,34,Yes
H0010,56.6,76,No
H0011,87.7,75,No
H0012,56.2,49,Yes
H0013,41.6,21,Yes
H0014,63.5,58,No
H0015,49.1,22,Yes
H0016,78.2,66,No
H0017,65.7,28,No
H0018,39.2,41,No
H0019,88.7,35,No
H0020,79.5,50,Yes
H0021,35.5,25,Yes
H0022,92.5,27,Yes
H0023,81.8,30,No
H0024,50.1,22,Yes
H0025,76.2,33,No
H0026,49.3,55,No
H0027,36.2,30,Yes
H0028,36.3,42,Yes
H0029,70.6,84,Yes
H0030,75.8,32,No
H0031,83.4,87,Yes
H0032,36.1,72,No
H0033,69.3,56,No
H0034,41.5,27,Yes
H0035,33.7,80,Yes
H0036,38.1,87,Yes
H0037,49.1,64,No
H0038,57.7,61,No
H0039,79.5,78,Yes
H0040,50.1,40,Yes
H0041,70.3,40,Yes
H0042,35.6,72,No
H0043,91.8,47,Yes
H0044,67.3,52,Yes
H0045,84.2,82,No
H0046,74.7,72,Yes
H0047,70.6,31,No
H0048,43.3,51,Yes
H0049,83.6,84,No
H0050,80.2,47,No
H0051,44.3,51,No
H0052,60.2,45,Yes
H0053,60.2,64,No
H0054,70.6,63,No
H0055,63.8,34,Yes
H0056,57.1,85,Yes
H0057,50.1,71,Yes
H0058,69.3,80,Yes
H0059,35.7,45,Yes
H0060,71.6,73,No
H0061,66.6,34,No
H0062,37.1,30,No
H0063,95.0,30,No
H0064,89.1,84,Yes
H0065,30.4,34,No
H0066,70.4,51,Yes
H0067,82.0,63,Yes
H0068,43.2,51,Yes
H0069,70.7,44,Yes
H0070,70.6,52,No
H0071,50.1,83,No
H0072,71.7,54,No
H0073,64.0,74,No
H0074,48.9,86,No
H0075,52.2,24,Yes
H0076,83.5,39,No
H0077,93.4,46,Yes
H0078,58.7,35,No
H0079,81.9,39,Yes
H0080,73.2,73,Yes
H0081,63.4,80,Yes
H0082,61.3,87,No
H0083,62.3,27,Yes
H0084,35.4,45,No
H0085,85.2,46,Yes
H0086,70.7,37,No
H0087,66.3,28,Yes
H0088,86.7,75,No
H0089,33.2,82,Yes
H0090,73.8,30,No
H0091,45.3,27,Yes
H0092,45.2,52,Yes
H0093,83.6,88,Yes
H0094,45.9,88,Yes
H0095,90.9,45,Yes
H0096,85.4,29,No
H0097,59.4,68,Yes
H0098,59.7,75,No
H0099,53.1,45,No
H0100,72.9,73,No
H0101,75.7,89,Yes
H0102,91.2,78,Yes
H0103,84.8,31,Yes
H0104,34.7,58,Yes
H0105,62.4,48,No
H0106,39.6,81,Yes
H0107,86.8,68,No
H0108,69.2,62,No
H0109,83.4,74,No
H0110,35.3,49,Yes
H0111,36.3,20,Yes
H0112,94.6,42,Yes
H0113,30.5,23,Yes
H0114,62.0,22,No
H0115,59.5,33,No
H0116,71.3,65,Yes
H0117,94.2,24,No
H0118,38.0,30,No
H0119,93.5,83,Yes
H0120,64.1,65,Yes
H0121,46.9,58,No
H0122,41.5,23,Yes
H0123,31.6,27,Yes
H0124,56.1,67,Yes
H0125,45.8,69,Yes
H0126,87.2,81,No
H0127,70.6,83,Yes
H0128,51.9,31,No
H0129,60.6,68,Yes
H0130,37.7,88,Yes
H0131,84.5,65,No
H0132,56.6,88,No
H0133,94.7,62,Yes
H0134,73.0,24,Yes
H0135,86.9,76,No
H0136,54.1,63,No
H0137,69.4,72,Yes
H0138,36.5,66,Yes
H0139,41.8,41,No
H0140,81.3,52,Yes
H0141,33.6,25,Yes
H0142,82.8,70,Yes
H0143,35.3,36,No
H0144,76.7,64,No
H0145,50.4,46,Yes
H0146,52.2,71,Yes
H0147,85.8,88,No
H0148,85.9,45,No
H0149,34.0,53,Yes
H0150,32.8,50,Yes
H0151,38.5,62,Yes
H0152,93.0,55,No
H0153,74.0,53,Yes
H0154,87.7,52,Yes
H0155,33.5,88,Yes
H0156,69.5,70,No
H0157,61.9,20,No
H0158,69.0,38,Yes
H0159,59.6,81,No
H0160,62.5,26,No
H0161,70.5,31,Yes
H0162,45.1,20,No
H0163,77.8,78,Yes
H0164,40.7,39,No
H0165,51.5,35,Yes
H0166,83.7,68,Yes
H0167,91.2,37,No
H0168,82.8,83,Yes
H0169,70.1,80,Yes
H0170,46.7,47,Yes
H0171,72.0,70,No
H0172,81.8,28,Yes
H0173,31.1,33,Yes
H0174,48.1,65,Yes
H0175,75.2,35,No
H0176,53.9,34,Yes
H0177,54.3,41,Yes
H0178,87.6,35,No
H0179,78.5,60,No
H0180,73.8,78,Yes
H0181,79.6,24,Yes
H0182,74.7,47,Yes
H0183,54.0,58,No
H0184,75.8,38,No
H0185,31.8,68,Yes
H0186,36.6,56,No
H0187,71.3,59,Yes
H0188,90.0,55,Yes
H0189,43.0,47,No
H0190,40.1,30,Yes
H0191,71.3,65,Yes
H0192,70.7,56,Yes
H0193,72.0,75,No
H0194,51.9,28,Yes
H0195,86.1,89,Yes
H0196,63.9,26,Yes
H0197,76.4,51,No
H0198,41.9,81,Yes
H0199,33.0,51,No
H0200,58.8,35,Yes
H0201,77.7,83,Yes
H0202,72.9,55,Yes
H0203,75.0,66,Yes
H0204,71.9,43,No
H0205,64.5,26,No
H0206,43.0,49,No
H0207,49.4,79,Yes
H0208,50.6,86,Yes
H0209,78.3,60,Yes
H0210,32.1,73,Yes
H0211,69.0,24,Yes
H0212,51.1,40,Yes
H0213,74.8,47,Yes
H0214,70.7,65,No
H0215,31.5,81,Yes
H0216,87.7,69,No
H0217,59.7,43,Yes
H0218,63.2,29,No
H0219,33.4,53,No
H0220,58.1,55,Yes
H0221,70.1,31,Yes
H0222,36.6,54,Yes
H0223,47.9,25,No
H0224,36.4,29,No
H0225,74.3,20,Yes
H0226,82.7,82,No
H0227,57.9,60,No
H0228,51.8,51,No
H0229,87.7,64,Yes
H0230,69.9,27,No
H0231,86.9,88,No
H0232,77.5,77,No
H0233,83.3,71,No
H0234,83.6,40,Yes
H0235,61.5,53,No
H0236,87.5,82,No
H0237,46.4,42,No
H0238,91.9,86,Yes
H0239,72.7,76,Yes
H0240,88.5,80,Yes
H0241,57.0,24,No
H0242,94.5,46,No
H0243,61.4,59,No
H0244,73.7,71,Yes
H0245,53.2,27,Yes
H0246,82.6,83,Yes
H0247,75.2,57,No
H0248,64.4,60,No
H0249,42.3,73,No
H0250,79.6,39,Yes
H0251,49.2,30,Yes
H0252,45.4,52,No
H0253,90.1,22,Yes
H0254,72.9,86,Yes
H0255,30.8,59,No
H0256,65.8,58,No
H0257,81.0,24,Yes
H0258,75.2,80,Yes
H0259,69.4,29,No
H0260,82.2,33,No
H0261,79.8,50,Yes
H0262,61.4,66,Yes
H0263,87.6,24,No
H0264,86.7,29,No
H0265,51.4,60,No
H0266,56.1,61,Yes
H0267,41.1,87,No
H0268,30.1,52,No
H0269,65.2,79,No
H0270,39.6,46,No
H0271,55.6,61,No
H0272,62.3,60,Yes
H0273,90.6,51,Yes
H0274,54.0,42,Yes
H0275,79.0,30,No
H0276,67.3,21,No
H0277,39.5,52,Yes
H0278,92.3,62,No
H0279,77.6,56,No
H0280,63.0,28,No
H0281,47.7,52,Yes
H0282,65.3,37,No
H0283,80.6,34,No
H0284,85.4,40,Yes
H0285,93.5,61,Yes
H0286,34.8,44,Yes
H0287,57.5,43,Yes
H0288,77.7,26,Yes
H0289,32.5,21,No
H0290,73.9,82,No
H0291,50.6,54,No
H0292,32.1,76,No
H0293,73.6,42,No
H0294,69.7,30,Yes
H0295,93.9,52,Yes
H0296,72.5,72,No
H0297,32.9,73,No
H0298,50.3,78,Yes
H0299,73.2,78,Yes
H0300,65.4,86,No
H0301,52.7,26,Yes
H0302,66.0,42,No
H0303,49.8,62,Yes
H0304,80.4,61,Yes
H0305,59.7,26,Yes
H0306,90.6,77,Yes
H0307,91.3,41,No
H0308,62.6,69,No
H0309,71.5,86,No
H0310,43.6,21,No
H0311,33.1,41,Yes
H0312,51.1,69,No
H0313,87.4,44,Yes
H0314,47.9,72,No
H0315,90.7,60,No
H0316,88.4,45,Yes
H0317,51.7,46,Yes
H0318,75.5,85,Yes
H0319,66.4,27,No
H0320,46.3,85,Yes
H0321,88.1,24,No
H0322,87.7,21,Yes
H0323,45.1,35,No
H0324,37.0,55,No
H0325,91.7,44,No
H0326,68.0,37,No
H0327,79.0,64,Yes
H0328,55.0,73,No
H0329,70.8,86,Yes
H0330,38.0,73,No
H0331,65.5,50,No
H0332,79.1,57,Yes
H0333,37.7,40,No
H0334,43.6,79,No
H0335,78.9,64,No
H0336,94.3,80,No
H0337,33.3,38,Yes
H0338,32.9,61,Yes
H0339,49.9,45,Yes
H0340,95.0,65,Yes
H0341,84.5,88,No
H0342,94.0,79,No
H0343,94.6,66,No
H0344,45.3,28,Yes
H0345,84.6,34,Yes
H0346,37.7,81,Yes
H0347,93.9,21,Yes
H0348,48.1,48,No
H0349,93.9,87,No
H0350,50.1,83,No
H0351,50.0,74,Yes
H0352,77.1,56,No
H0353,69.5,53,Yes
H0354,91.8,75,Yes
H0355,64.7,73,Yes
H0356,51.6,31,No
H0357,54.2,48,No
H0358,91.1,20,Yes
H0359,52.1,80,Yes
H0360,50.9,24,No
H0361,63.5,61,No
H0362,64.6,67,No
H0363,40.4,38,Yes
H0364,50.8,53,Yes
H0365,58.7,83,No
H0366,94.9,75,No
H0367,66.3,43,No
H0368,38.3,27,Yes
H0369,89.0,31,Yes
H0370,74.4,43,Yes
H0371,76.4,52,No
H0372,85.5,61,No
H0373,76.9,67,No
H0374,64.6,70,Yes
H0375,47.3,30,No
H0376,68.5,22,No
H0377,86.6,58,Yes
H0378,68.8,86,No
H0379,89.6,72,Yes
H0380,72.0,38,Yes
H0381,82.0,78,No
H0382,76.2,33,No
H0383,87.5,82,No
H0384,70.7,46,No
H0385,39.1,75,Yes
H0386,45.1,67,No
H0387,55.1,85,No
H0388,38.7,70,Yes
H0389,45.2,45,Yes
H0390,54.2,46,No
H0391,62.4,70,Yes
H0392,35.6,38,No
H0393,57.8,37,No
H0394,75.3,61,Yes
H0395,74.2,66,No
H0396,80.8,62,No
H0397,32.4,49,Yes
H0398,41.2,21,No
H0399,36.9,21,Yes
H0400,87.5,71,No
H0401,74.6,38,Yes
H0402,34.8,51,No
H0403,85.5,68,No
H0404,75.4,63,Yes
H0405,55.6,41,Yes
H0406,40.4,38,No
H0407,46.2,28,No
H0408,43.7,44,Yes
H0409,31.7,88,Yes
H0410,43.6,64,Yes
H0411,31.5,31,No
H0412,52.1,56,Yes
H0413,57.7,26,Yes
H0414,55.7,52,Yes
H0415,80.7,49,Yes
H0416,36.3,56,Yes
H0417,56.1,65,No
H0418,67.6,84,No
H0419,78.5,79,No
H0420,72.7,73,No
H0421,81.8,35,Yes
H0422,60.9,28,No
H0423,70.0,80,Yes
H0424,89.1,34,Yes
H0425,43.1,78,Yes
H0426,89.4,32,Yes
H0427,37.4,62,No
H0428,74.9,73,Yes
H0429,95.0,84,Yes
H0430,85.6,24,Yes
H0431,83.2,37,No
H0432,48.9,43,Yes
H0433,46.7,58,Yes
H0434,30.5,52,Yes
H0435,62.4,25,No
H0436,33.1,29,No
H0437,46.3,64,No
H0438,68.5,71,Yes
H0439,85.1,79,No
H0440,88.3,33,No
H0441,60.2,65,No
H0442,44.5,63,Yes
H0443,84.8,20,No
H0444,44.3,59,No
H0445,35.1,68,Yes
H0446,84.7,56,No
H0447,40.5,50,No
H0448,81.9,49,No
H0449,46.2,83,Yes
H0450,43.1,36,No
H0451,37.4,53,Yes
H0452,71.2,54,No
H0453,56.8,22,Yes
H0454,30.6,66,No
H0455,92.3,48,Yes
H0456,72.2,71,No
H0457,49.3,31,No
H0458,31.3,33,No
H0459,86.7,45,No
H0460,84.9,66,Yes
H0461,47.0,55,No
H0462,63.6,35,No
H0463,55.9,65,Yes
H0464,41.0,76,Yes
H0465,58.8,40,No
H0466,79.2,44,Yes
H0467,53.5,39,No
H0468,42.9,70,No
H0469,61.4,32,No
H0470,33.1,74,No
H0471,37.7,59,Yes
H0472,62.2,41,Yes
H0473,73.0,21,No
H0474,64.6,85,Yes
H0475,94.0,48,Yes
H0476,55.9,39,No
H0477,31.8,63,No
H0478,43.8,50,Yes
H0479,69.4,56,Yes
H0480,52.0,86,Yes
H0481,59.4,77,Yes
H0482,53.6,62,No
H0483,37.2,82,No
H0484,75.2,89,No
H0485,75.4,54,No
H0486,55.0,22,No
H0487,36.6,76,No
H0488,82.3,43,No
H0489,85.8,27,Yes
H0490,80.0,86,Yes
H0491,83.3,34,Yes
H0492,30.9,79,Yes
H0493,45.3,32,No
H0494,86.7,63,No
H0495,40.6,70,No
H0496,35.4,25,No
H0497,53.8,38,Yes
H0498,48.2,49,No
H0499,63.9,37,No
H0500,51.3,45,No
H0501,42.5,68,No
H0502,60.9,48,Yes
H0503,74.1,23,Yes
H0504,68.2,51,No
H0505,48.5,42,Yes
H0506,60.8,27,No
H0507,90.8,50,Yes
H0508,42.1,22,No
H0509,43.3,88,No
H0510,86.7,34,No
H0511,81.2,62,No
H0512,61.5,84,No
H0513,31.6,89,No
H0514,60.6,89,Yes
H0515,90.8,57,Yes
H0516,50.4,72,No
H0517,92.6,46,No
H0518,47.8,75,No
H0519,54.6,85,No
H0520,38.3,84,Yes
H0521,86.4,72,Yes
H0522,75.7,35,Yes
H0523,53.7,27,Yes
H0524,33.8,81,No
H0525,70.3,72,No
H0526,92.8,49,No
H0527,58.7,61,No
H0528,76.8,22,No
H0529,85.9,44,Yes
H0530,69.5,24,Yes
H0531,57.0,55,No
H0532,32.5,83,No
H0533,69.4,20,Yes
H0534,37.3,29,Yes
H0535,93.4,67,Yes
H0536,79.5,80,No
H0537,42.4,47,Yes
H0538,59.1,26,No
H0539,41.1,68,No
H0540,52.3,88,No
H0541,78.9,56,Yes
H0542,73.5,39,No
H0543,63.7,29,Yes
H0544,34.6,44,Yes
H0545,42.8,38,Yes
H0546,39.7,84,No
H0547,49.6,21,No
H0548,84.0,23,No
H0549,87.8,67,Yes
H0550,84.3,63,No
H0551,89.5,43,Yes
H0552,90.7,70,No
H0553,58.6,83,No
H0554,61.6,47,No
H0555,61.6,51,Yes
H0556,87.1,65,Yes
H0557,83.1,84,No
H0558,44.4,21,No
H0559,61.7,40,No
H0560,37.0,77,No
H0561,50.9,50,No
H0562,52.9,88,No
H0563,62.1,55,No
H0564,48.6,77,Yes
H0565,32.8,82,No
H0566,35.8,48,Yes
H0567,91.2,89,No
H0568,31.5,72,Yes
H0569,45.9,87,No
H0570,64.6,53,Yes
H0571,89.3,76,Yes
H0572,90.7,73,No
H0573,42.2,79,No
H0574,83.3,57,Yes
H0575,76.0,69,Yes
H0576,79.8,40,Yes
H0577,77.9,28,No
H0578,74.4,48,No
H0579,61.8,21,Yes
H0580,65.9,68,Yes
H0581,45.6,53,No
H0582,34.1,37,Yes
H0583,77.3,63,Yes
H0584,45.1,86,Yes
H0585,60.6,77,No
H0586,62.5,34,No
H0587,88.8,41,Yes
H0588,73.5,22,Yes
H0589,47.6,58,No
H0590,58.5,86,No
H0591,44.6,61,No
H0592,76.5,56,Yes
H0593,31.2,25,Yes
H0594,74.8,54,No
H0595,68.2,37,No
H0596,62.0,76,No
H0597,55.7,60,Yes
H0598,62.3,51,No
H0599,66.2,58,No
H0600,82.1,49,No
H0601,41.1,60,No
H0602,63.7,87,No
H0603,63.9,55,Yes
H0604,33.2,83,No
H0605,37.7,55,Yes
H0606,67.9,24,No
H0607,87.6,61,Yes
H0608,64.1,75,No
H0609,89.8,62,Yes
H0610,82.8,82,No
H0611,46.2,81,No
H0612,85.5,45,No
H0613,82.6,36,Yes
H0614,91.2,87,No
H0615,79.2,23,Yes
H0616,35.7,36,No
H0617,47.7,82,No
H0618,85.9,68,Yes
H0619,58.0,59,No
H0620,78.9,59,No
H0621,70.9,83,No
H0622,70.9,60,Yes
H0623,30.3,83,No
H0624,39.8,29,No
H0625,52.0,79,No
H0626,44.3,28,Yes
H0627,61.2,58,No
H0628,88.4,40,Yes
H0629,73.9,38,No
H0630,89.1,85,Yes
H0631,36.6,56,Yes
H0632,84.3,42,Yes
H0633,90.6,30,No
H0634,38.0,54,No
H0635,46.5,43,No
H0636,79.1,89,Yes
H0637,83.6,78,No
H0638,73.3,88,No
H0639,89.1,52,No
H0640,52.9,44,No
H0641,55.8,69,Yes
H0642,91.6,38,No
H0643,81.2,87,No
H0644,58.4,57,No
H0645,35.4,72,Yes
H0646,78.6,42,Yes
H0647,58.5,86,No
H0648,45.1,33,No
H0649,91.4,24,Yes
H0650,59.0,74,No
H0651,81.1,58,No
H0652,55.5,22,No
H0653,31.9,76,No
H0654,92.6,73,Yes
H0655,84.0,62,No
H0656,50.8,55,No
H0657,53.4,74,No
H0658,46.4,31,No
H0659,76.4,78,Yes
H0660,39.7,43,Yes
H0661,61.3,34,Yes
H0662,54.6,88,Yes
H0663,91.5,76,Yes
H0664,69.5,83,Yes
H0665,62.3,39,Yes
H0666,82.8,82,No
H0667,81.0,37,No
H0668,73.4,40,No
H0669,68.9,42,Yes
H0670,66.3,75,Yes
H0671,60.3,64,Yes
H0672,42.4,57,No
H0673,85.1,52,Yes
H0674,31.8,87,No
H0675,47.2,49,No
H0676,48.9,59,No
H0677,59.0,38,No
H0678,88.9,21,Yes
H0679,82.1,79,No
H0680,69.3,24,Yes
H0681,93.3,48,Yes
H0682,38.1,78,Yes
H0683,56.0,46,No
H0684,50.0,63,Yes
H0685,88.8,25,No
H0686,36.5,81,Yes
H0687,36.5,79,No
H0688,69.8,35,No
H0689,50.4,52,No
H0690,63.4,50,No
H0691,44.1,73,No
H0692,91.3,42,Yes
H0693,84.9,59,Yes
H0694,62.5,23,Yes
H0695,57.4,86,Yes
H0696,51.9,24,Yes
H0697,92.2,78,Yes
H0698,56.2,73,Yes
H0699,84.7,66,No
H0700,37.8,74,Yes
H0701,79.2,57,Yes
H0702,45.2,23,No
H0703,35.2,58,Yes
H0704,54.8,75,No
H0705,61.2,47,Yes
H0706,51.2,70,Yes
H0707,53.8,33,Yes
H0708,67.4,86,No
H0709,39.6,79,Yes
H0710,31.3,45,No
H0711,46.9,33,No
H0712,72.4,70,Yes
H0713,63.1,65,No
H0714,63.0,38,No
H0715,82.6,85,No
H0716,53.7,87,Yes
H0717,86.8,68,Yes
H0718,63.1,83,No
H0719,41.1,40,Yes
H0720,91.8,50,No
H0721,82.4,44,Yes
H0722,77.0,69,No
H0723,83.5,67,No
H0724,66.6,54,No
H0725,70.8,57,No
H0726,59.9,68,Yes
H0727,71.8,40,Yes
H0728,68.7,66,Yes
H0729,34.3,74,No
H0730,39.4,42,Yes
H0731,43.0,64,Yes
H0732,83.3,42,Yes
H0733,62.9,52,No
H0734,87.3,83,Yes
H0735,58.2,28,No
H0736,94.7,83,Yes
H0737,43.5,36,No
H0738,47.8,21,Yes
H0739,79.5,27,No
H0740,82.4,26,Yes
H0741,70.5,54,No
H0742,93.0,55,No
H0743,41.0,64,No
H0744,64.4,24,No
H0745,45.5,38,No
H0746,55.6,34,No
H0747,51.2,57,Yes
H0748,76.5,78,No
H0749,70.1,59,Yes
H0750,89.0,58,Yes
H0751,46.9,41,Yes
H0752,47.6,66,No
H0753,89.4,29,No
H0754,69.3,81,No
H0755,31.7,56,No
H0756,30.0,40,No
H0757,41.3,31,No
H0758,30.8,59,Yes
H0759,83.6,65,No
H0760,58.4,38,Yes
H0761,48.5,78,Yes
H0762,55.6,41,Yes
H0763,44.8,59,No
H0764,30.3,49,Yes
H0765,91.5,25,No
H0766,80.4,32,No
H0767,49.2,56,Yes
H0768,33.7,23,No
H0769,70.1,60,No
H0770,57.1,37,Yes
H0771,61.5,75,No
H0772,73.0,81,Yes
H0773,42.2,65,No
H0774,40.6,28,No
H0775,90.4,76,No
H0776,90.2,31,Yes
H0777,85.8,60,Yes
H0778,31.6,88,Yes
H0779,42.6,83,Yes
H0780,92.1,81,No
H0781,34.3,86,No
H0782,40.3,46,No
H0783,76.0,78,Yes
H0784,76.4,59,No
H0785,80.9,57,Yes
H0786,55.5,36,Yes
H0787,70.9,69,Yes
H0788,33.9,35,No
H0789,36.5,54,Yes
H0790,76.9,53,Yes
H0791,94.7,42,Yes
H0792,83.2,22,Yes
H0793,37.9,31,Yes
H0794,54.2,72,Yes
H0795,30.2,55,Yes
H0796,79.0,22,No
H0797,92.4,30,Yes
H0798,68.1,89,No
H0799,45.2,28,Yes
H0800,82.3,42,No
H0801,45.7,22,No
H0802,47.8,30,Yes
H0803,87.1,28,No
H0804,47.4,83,No
H0805,73.7,63,No
H0806,40.6,81,No
H0807,33.1,74,Yes
H0808,53.6,88,Yes
H0809,38.7,63,No
H0810,50.1,78,Yes
H0811,90.4,76,No
H0812,82.1,88,Yes
H0813,34.8,31,No
H0814,33.0,46,Yes
H0815,39.2,61,Yes
H0816,75.9,33,No
H0817,64.3,72,No
H0818,33.7,23,No
H0819,57.8,23,Yes
H0820,88.0,89,Yes
H0821,70.8,84,Yes
H0822,48.5,74,No
H0823,58.4,51,Yes
H0824,87.9,84,Yes
H0825,51.8,85,Yes
H0826,75.6,65,No
H0827,86.5,85,No
H0828,92.9,71,Yes
H0829,84.2,67,No
H0830,37.8,71,No
H0831,88.8,30,Yes
H0832,75.3,76,No
H0833,78.6,61,Yes
H0834,30.9,55,Yes
H0835,39.6,88,No
H0836,75.8,34,Yes
H0837,33.4,27,Yes
H0838,90.6,65,Yes
H0839,58.1,46,Yes
H0840,82.2,33,Yes
H0841,70.1,70,No
H0842,91.8,34,Yes
H0843,38.9,76,Yes
H0844,94.7,64,Yes
H0845,62.0,40,Yes
H0846,87.2,40,No
H0847,63.9,22,Yes
H0848,39.8,80,Yes
H0849,57.4,75,No
H0850,87.6,32,No
H0851,71.8,69,Yes
H0852,42.6,40,No
H0853,36.8,32,Yes
H0854,92.6,83,No
H0855,39.3,53,No
H0856,66.3,47,No
H0857,93.6,52,No
H0858,90.4,45,Yes
H0859,61.4,63,Yes
H0860,88.1,67,No
H0861,85.5,25,No
H0862,35.9,51,No
H0863,75.6,26,No
H0864,89.6,89,No
H0865,91.7,73,No
H0866,68.2,80,Yes
H0867,39.6,50,Yes
H0868,78.7,21,Yes
H0869,70.5,27,Yes
H0870,61.9,74,No
H0871,68.8,55,No
H0872,93.5,36,No
H0873,92.1,89,Yes
H0874,89.2,56,Yes
H0875,40.7,57,No
H0876,63.6,65,No
H0877,83.0,83,Yes
H0878,39.0,66,Yes
H0879,70.9,72,Yes
H0880,92.9,62,No
H0881,39.6,68,Yes
H0882,90.9,40,Yes
H0883,71.8,66,Yes
H0884,62.0,62,Yes
H0885,31.6,40,No
H0886,52.7,32,Yes
H0887,55.0,79,Yes
H0888,65.8,85,Yes
H0889,35.9,57,Yes
H0890,92.2,64,No
H0891,76.4,67,No
H0892,81.1,21,Yes
H0893,82.8,41,Yes
H0894,85.6,49,No
H0895,35.7,20,Yes
H0896,42.5,26,Yes
H0897,52.8,22,Yes
H0898,34.1,75,No
H0899,74.7,74,No
H0900,41.1,42,No
H0901,93.4,47,No
H0902,70.3,62,No
H0903,78.1,58,Yes
H0904,90.4,83,No
H0905,43.3,66,No
H0906,74.9,76,Yes
H0907,94.4,62,No
H0908,61.1,44,Yes
H0909,79.2,69,Yes
H0910,76.5,38,No
H0911,54.2,24,Yes
H0912,44.6,51,No
H0913,68.8,82,No
H0914,88.8,80,No
H0915,71.9,49,No
H0916,53.5,68,Yes
H0917,41.4,37,No
H0918,78.7,38,No
H0919,72.0,75,Yes
H0920,42.3,44,No
H0921,68.2,83,Yes
H0922,43.7,62,Yes
H0923,44.4,32,Yes
H0924,80.5,55,Yes
H0925,63.6,65,No
H0926,91.1,29,No
H0927,78.4,21,Yes
H0928,60.2,30,No
H0929,41.8,60,No
H0930,44.6,74,Yes
H0931,94.2,57,No
H0932,42.9,84,Yes
H0933,33.3,76,No
H0934,76.5,81,No
H0935,57.6,35,Yes
H0936,69.8,39,Yes
H0937,51.2,77,No
H0938,41.5,53,Yes
H0939,70.4,30,Yes
H0940,44.6,88,No
H0941,62.4,62,No
H0942,77.5,55,No
H0943,37.7,52,Yes
H0944,92.1,29,No
H0945,38.4,55,Yes
H0946,64.3,59,Yes
H0947,45.7,86,No
H0948,84.6,43,Yes
H0949,40.7,23,Yes
H0950,73.9,71,Yes
H0951,78.6,46,No
H0952,31.0,61,No
H0953,59.5,88,Yes
H0954,63.0,53,No
H0955,44.8,59,No
H0956,70.5,85,Yes
H0957,56.0,85,No
H0958,72.0,66,Yes
H0959,93.2,66,No
H0960,45.2,60,No
H0961,38.6,32,No
H0962,56.8,74,No
H0963,55.2,23,No
H0964,72.5,81,No
H0965,85.0,89,Yes
H0966,94.1,71,No
H0967,61.3,85,No
H0968,61.4,72,No
H0969,49.7,27,No
H0970,57.0,29,Yes
H0971,90.7,31,Yes
H0972,63.0,25,No
H0973,38.1,74,Yes
H0974,87.0,88,Yes
H0975,51.8,60,Yes
H0976,87.6,73,No
H0977,81.1,48,No
H0978,55.1,33,No
H0979,92.5,71,Yes
H0980,43.6,20,No
H0981,92.3,54,No
H0982,52.5,80,Yes
H0983,41.8,30,Yes
H0984,33.9,81,No
H0985,60.9,60,Yes
H0986,55.3,89,Yes
H0987,47.9,76,No
H0988,94.0,37,No
H0989,89.4,39,No
H0990,57.0,20,Yes
H0991,91.8,37,No
H0992,84.0,43,Yes
H0993,41.3,84,No
H0994,82.6,69,Yes
H0995,60.5,48,No
H0996,39.2,62,Yes
H0997,87.5,57,Yes
H0998,50.2,84,Yes
H0999,61.3,20,No
H1000,75.6,26,No
H1001,83.7,23,No
H1002,78.8,43,No
H1003,37.4,83,No
H1004,92.6,81,No
H1005,54.6,86,Yes
H1006,53.6,43,No
H1007,66.1,65,No
H1008,69.6,45,Yes
H1009,89.3,55,Yes
H1010,93.9,63,No
H1011,87.8,56,No
H1012,68.4,69,No
H1013,92.4,72,Yes
H1014,36.4,31,Yes
H1015,89.7,22,No
H1016,39.2,63,No
H1017,31.9,73,No
H1018,56.2,88,No
H1019,93.3,25,No
H1020,94.5,84,No
H1021,35.0,30,No
H1022,74.6,42,No
H1023,54.5,45,Yes
H1024,40.9,82,No
H1025,66.1,31,No
H1026,60.7,71,No
H1027,49.8,82,Yes
H1028,94.4,65,Yes
H1029,73.3,57,Yes
H1030,75.0,83,No
H1031,40.6,69,Yes
H1032,37.4,83,No
H1033,46.2,70,No
H1034,79.5,67,No
H1035,75.3,55,No
H1036,52.4,86,Yes
H1037,77.8,20,No
H1038,51.4,87,Yes
H1039,82.1,83,Yes
H1040,62.9,45,Yes
H1041,52.3,89,No
H1042,65.0,71,Yes
H1043,83.1,80,Yes
H1044,50.7,51,No
H1045,54.4,59,Yes
H1046,61.6,34,Yes
H1047,46.5,49,Yes
H1048,54.7,52,No
H1049,53.7,21,No
H1050,31.2,72,Yes
H1051,44.6,39,Yes
H1052,59.7,83,Yes
H1053,85.5,59,Yes
H1054,74.4,64,No
H1055,33.0,49,Yes
H1056,49.8,43,Yes
H1057,84.4,20,Yes
H1058,94.0,24,Yes
H1059,49.2,28,No
H1060,63.2,25,Yes
H1061,77.4,41,No
H1062,57.8,52,No
H1063,92.2,29,Yes
H1064,56.3,72,Yes
H1065,45.2,52,Yes
H1066,36.2,28,No
H1067,82.4,50,Yes
H1068,54.9,40,Yes
H1069,81.0,41,No
H1070,74.7,40,Yes
H1071,91.5,87,Yes
H1072,39.3,76,No
H1073,33.6,46,No
H1074,49.7,30,No
H1075,48.6,70,No
H1076,82.2,21,No
H1077,38.3,46,No
H1078,44.3,21,Yes
H1079,53.6,43,No
H1080,51.0,76,Yes
H1081,56.0,39,No
H1082,75.7,21,No
H1083,63.9,51,No
H1084,39.1,62,No
H1085,31.3,67,No
H1086,82.9,74,No
H1087,49.7,31,Yes
H1088,78.9,43,Yes
H1089,57.7,45,Yes
H1090,71.7,34,No
H1091,85.8,53,No
H1092,94.7,42,Yes
H1093,49.3,80,No
H1094,44.0,21,No
H1095,88.0,30,Yes
H1096,87.7,56,Yes
H1097,46.4,84,Yes
H1098,68.0,87,No
H1099,36.6,69,Yes
H1100,38.5,86,No
H1101,49.2,36,No
H1102,41.6,81,No
H1103,73.2,37,No
H1104,47.7,70,No
H1105,44.3,80,No
H1106,72.0,60,Yes
H1107,52.5,60,Yes
H1108,83.5,83,No
H1109,63.5,70,Yes
H1110,56.3,67,No
H1111,72.5,28,Yes
H1112,74.1,47,Yes
H1113,90.5,73,No
H1114,78.8,83,No
H1115,81.9,54,Yes
H1116,63.7,30,No
H1117,80.3,39,Yes
H1118,67.8,52,No
H1119,57.0,24,Yes
H1120,50.3,87,Yes
H1121,78.8,86,Yes
H1122,38.5,56,Yes
H1123,93.2,89,Yes
H1124,63.1,78,Yes
H1125,55.9,45,Yes
H1126,33.5,21,Yes
H1127,48.8,81,Yes
H1128,90.3,25,Yes
H1129,75.4,57,No
H1130,69.2,65,Yes
H1131,72.8,48,Yes
H1132,68.7,80,No
H1133,67.1,46,Yes
H1134,44.7,45,Yes
H1135,33.5,59,Yes
H1136,91.7,77,Yes
H1137,74.0,63,Yes
H1138,60.8,39,No
H1139,62.5,76,Yes
H1140,82.1,84,Yes
H1141,36.2,81,No
H1142,63.9,84,Yes
H1143,66.8,45,Yes
H1144,32.1,77,No
H1145,36.8,40,No
H1146,91.3,25,Yes
H1147,58.6,29,No
H1148,35.5,57,Yes
H1149,86.6,63,No
H1150,87.7,44,No
H1151,31.5,22,Yes
H1152,82.2,82,Yes
H1153,80.3,83,Yes
H1154,33.7,66,Yes
H1155,56.3,66,Yes
H1156,64.5,73,Yes
H1157,90.5,22,No
H1158,44.5,66,Yes
H1159,57.6,79,No
H1160,92.0,21,No
H1161,38.6,26,Yes
H1162,45.5,43,Yes
H1163,40.0,60,No
H1164,34.0,34,No
H1165,69.7,71,No
H1166,80.1,58,No
H1167,93.1,88,Yes
H1168,76.4,75,No
H1169,52.9,34,Yes
H1170,63.8,75,No
H1171,56.4,49,No
H1172,49.0,76,No
H1173,55.1,60,Yes
H1174,84.0,77,No
H1175,53.4,58,No
H1176,74.6,74,No
H1177,39.7,32,No
H1178,58.6,52,No
H1179,46.4,81,No
H1180,30.2,57,No
H1181,83.5,40,No
H1182,78.3,53,Yes
H1183,89.3,72,Yes
H1184,89.6,46,Yes
H1185,48.4,81,Yes
H1186,74.6,32,No
H1187,42.5,72,No
H1188,80.9,27,Yes
H1189,82.2,87,Yes
H1190,58.8,41,No
H1191,30.1,60,No
H1192,87.3,32,Yes
H1193,32.0,27,Yes
H1194,55.0,46,Yes
H1195,51.7,67,No
H1196,71.0,54,No
H1197,70.2,33,Yes
H1198,90.6,31,Yes
H1199,65.9,24,No
H1200,85.5,59,Yes
H1201,83.3,31,No
H1202,65.6,62,Yes
H1203,56.7,44,No
H1204,44.2,60,Yes
H1205,53.3,54,Yes
H1206,70.8,59,No
H1207,43.8,26,No
H1208,46.4,31,Yes
H1209,91.8,31,Yes
H1210,85.3,26,Yes
H1211,90.2,43,Yes
H1212,52.6,58,No
H1213,30.1,78,Yes
H1214,47.4,49,Yes
H1215,35.2,66,No
H1216,64.3,47,No
H1217,90.9,59,No
H1218,39.5,25,No
H1219,72.2,84,No
H1220,79.1,77,Yes
H1221,51.3,34,Yes
H1222,77.8,73,Yes
H1223,81.6,40,No
H1224,85.4,71,Yes
H1225,89.7,79,No
H1226,94.0,26,Yes
H1227,30.9,21,Yes
H1228,82.4,60,No
H1229,56.5,82,Yes
H1230,67.9,26,Yes
H1231,33.8,50,No
H1232,58.6,64,Yes
H1233,70.2,82,Yes
H1234,91.6,56,No
H1235,53.5,56,No
H1236,67.3,23,Yes
H1237,68.1,61,Yes
H1238,88.6,42,Yes
H1239,87.8,41,No
H1240,45.1,34,Yes
H1241,67.7,31,Yes
H1242,64.3,62,No
H1243,66.6,66,Yes
H1244,71.6,58,Yes
H1245,38.4,50,Yes
H1246,37.9,58,No
H1247,58.6,40,No
H1248,35.2,62,Yes
H1249,46.9,44,No
H1250,45.3,54,No
H1251,58.2,58,No
H1252,40.7,23,No
H1253,80.3,76,Yes
H1254,51.5,78,No
H1255,64.3,46,Yes
H1256,50.4,24,Yes
H1257,73.4,77,No
H1258,77.3,84,No
H1259,57.3,82,Yes
H1260,68.2,41,Yes
H1261,52.7,52,Yes
H1262,51.9,37,Yes
H1263,81.3,22,Yes
H1264,67.8,47,No
H1265,86.9,84,Yes
H1266,70.5,22,No
H1267,71.4,28,Yes
H1268,69.7,37,No
H1269,51.1,73,Yes
H1270,79.9,45,Yes
H1271,68.3,86,Yes
H1272,35.0,22,No
H1273,49.5,42,No
H1274,57.1,43,Yes
H1275,65.3,83,No
H1276,31.7,53,Yes
H1277,42.5,36,No
H1278,51.3,67,No
H1279,91.8,88,Yes
H1280,30.0,43,No
H1281,75.2,72,No
H1282,72.0,47,No
H1283,53.9,75,No
H1284,51.0,80,Yes
H1285,58.9,46,No
H1286,45.0,56,Yes
H1287,66.9,55,No
H1288,86.5,27,No
H1289,39.8,88,Yes
H1290,47.3,76,Yes
H1291,37.0,46,Yes
H1292,63.3,34,No
H1293,70.5,20,Yes
H1294,47.5,63,No
H1295,89.9,47,No
H1296,33.2,22,No
H1297,44.2,54,Yes
H1298,70.9,35,No
H1299,83.2,66,No
H1300,55.5,48,No
H1301,74.8,51,No
H1302,38.3,49,Yes
H1303,88.4,46,No
H1304,90.2,89,No
H1305,41.1,24,No
H1306,64.2,84,No
H1307,44.4,89,Yes
H1308,70.0,69,Yes
H1309,74.7,61,No
H1310,73.2,89,Yes
H1311,94.3,83,Yes
H1312,54.9,27,Yes
H1313,65.3,50,Yes
H1314,44.5,70,No
H1315,35.0,88,Yes
H1316,51.1,74,Yes
H1317,36.8,64,Yes
H1318,84.4,79,No
H1319,36.9,42,No
H1320,54.8,88,Yes
H1321,80.2,20,No
H1322,43.6,65,No
H1323,33.9,54,No
H1324,57.2,21,Yes
H1325,73.3,61,Yes
H1326,66.7,83,No
H1327,55.5,43,Yes
H1328,65.4,83,No
H1329,49.6,86,No
H1330,79.0,46,Yes
H1331,50.6,55,Yes
H1332,60.7,43,Yes
H1333,39.5,45,No
H1334,34.4,62,Yes
H1335,47.9,54,No
H1336,35.7,81,Yes
H1337,46.1,73,Yes
H1338,46.2,54,Yes
H1339,30.8,46,No
H1340,47.5,78,No
H1341,40.4,35,Yes
H1342,89.9,63,Yes
H1343,77.0,82,No
H1344,72.7,81,Yes
H1345,61.0,44,No
H1346,70.7,78,No
H1347,42.3,24,No
H1348,51.1,51,Yes
H1349,56.1,21,No
H1350,76.0,72,No
H1351,81.4,22,Yes
H1352,71.5,68,Yes
H1353,80.7,55,No
H1354,41.1,50,Yes
H1355,51.3,51,Yes
H1356,75.2,76,Yes
H1357,65.2,45,Yes
H1358,50.2,37,No
H1359,44.0,57,Yes
H1360,58.8,61,No
H1361,81.7,56,No
H1362,78.6,63,No
H1363,64.9,72,No
H1364,66.1,86,Yes
H1365,32.4,84,No
H1366,72.5,46,No
H1367,61.1,58,Yes
H1368,94.4,86,Yes
H1369,44.3,37,No
H1370,90.3,71,Yes
H1371,74.2,53,No
H1372,82.7,59,No
H1373,76.8,85,No
H1374,37.2,58,Yes
H1375,93.8,82,Yes
H1376,54.5,24,No
H1377,80.5,49,No
H1378,92.6,43,Yes
H1379,42.1,20,No
H1380,58.4,89,Yes
H1381,57.3,23,Yes
H1382,44.2,84,No
H1383,33.7,83,Yes
H1384,57.3,85,Yes
H1385,50.1,78,Yes
H1386,85.6,52,Yes
H1387,70.6,48,No
H1388,37.1,52,Yes
H1389,53.8,33,Yes
H1390,79.6,83,Yes
H1391,91.0,86,No
H1392,37.8,30,No
H1393,46.6,45,No
H1394,50.5,79,Yes
H1395,80.2,68,Yes
H1396,62.1,72,No
H1397,71.5,20,No
H1398,71.6,45,No
H1399,83.6,34,Yes
H1400,78.1,39,No
H1401,92.1,74,No
H1402,74.8,31,Yes
H1403,79.0,36,No
H1404,44.5,40,No
H1405,34.9,52,Yes
H1406,60.1,43,Yes
H1407,80.4,20,No
H1408,36.2,78,Yes
H1409,45.2,61,Yes
H1410,80.4,50,No
H1411,87.8,75,Yes
H1412,86.8,47,Yes
H1413,51.7,34,No
H1414,89.4,82,No
H1415,82.3,50,Yes
H1416,45.8,75,Yes
H1417,85.4,25,No
H1418,70.7,85,Yes
H1419,41.4,76,Yes
H1420,71.8,71,Yes
H1421,34.9,39,No
H1422,40.8,49,No
H1423,60.4,75,Yes
H1424,77.9,74,Yes
H1425,82.3,36,No
H1426,84.4,52,No
H1427,49.3,29,Yes
H1428,55.8,80,No
H1429,77.3,36,No
H1430,52.4,72,No
H1431,62.0,45,No
H1432,35.3,34,No
H1433,43.7,26,Yes
H1434,71.8,36,Yes
H1435,50.1,48,No
H1436,41.9,46,Yes
H1437,65.8,49,No
H1438,75.8,79,Yes
H1439,65.7,64,No
H1440,42.9,57,No
H1441,83.9,44,Yes
H1442,89.9,36,Yes
H1443,91.9,32,Yes
H1444,71.9,48,Yes
H1445,62.1,37,No
H1446,36.1,78,No
H1447,87.8,48,No
H1448,92.4,51,Yes
H1449,84.7,62,Yes
H1450,68.7,41,No
H1451,53.2,76,Yes
H1452,45.1,49,No
H1453,71.1,64,No
H1454,54.5,45,No
H1455,53.0,84,Yes
H1456,43.7,20,No
H1457,62.1,20,Yes
H1458,67.7,20,Yes
H1459,51.8,44,Yes
H1460,44.7,41,No
H1461,31.6,50,No
H1462,34.9,67,Yes
H1463,86.9,49,No
H1464,77.3,58,No
H1465,79.0,45,Yes
H1466,68.9,86,Yes
H1467,34.9,38,No
H1468,69.0,70,No
H1469,74.9,73,No
H1470,90.8,67,No
H1471,76.1,25,Yes
H1472,83.7,56,No
H1473,30.5,57,No
H1474,61.8,46,No
H1475,31.7,37,Yes
H1476,69.8,39,No
H1477,94.3,72,Yes
H1478,60.6,82,Yes
H1479,54.4,25,Yes
H1480,78.4,62,Yes
H1481,59.0,78,No
H1482,49.1,79,No
H1483,82.5,48,No
H1484,84.3,84,Yes
H1485,68.8,24,No
H1486,44.2,75,Yes
H1487,62.6,29,No
H1488,48.0,68,No
H1489,75.9,55,Yes
H1490,82.9,60,No
H1491,84.0,37,Yes
H1492,51.1,79,Yes
H1493,53.7,63,No
H1494,93.1,53,No
H1495,86.4,75,No
H1496,32.8,26,No
H1497,71.4,32,Yes
H1498,53.1,35,No
H1499,91.3,26,No
H1500,32.9,57,Yes
H1501,70.6,52,No
H1502,70.2,74,Yes
H1503,63.4,73,Yes
H1504,50.1,89,No
H1505,89.0,81,No
H1506,55.8,68,No
H1507,76.0,46,No
H1508,43.9,78,Yes
H1509,73.2,20,No
H1510,65.9,74,Yes
H1511,51.2,57,Yes
H1512,47.6,84,No
H1513,82.7,77,Yes
H1514,70.8,86,No
H1515,65.6,37,Yes
H1516,72.1,64,Yes
H1517,40.9,23,No
H1518,53.2,74,No
H1519,37.4,27,No
H1520,78.3,36,Yes
H1521,48.2,39,Yes
H1522,71.8,69,No
H1523,93.6,30,No
H1524,91.9,87,No
H1525,75.5,22,Yes
H1526,49.5,30,Yes
H1527,62.5,55,Yes
H1528,68.1,45,No
H1529,30.5,72,No
H1530,69.9,58,No
H1531,94.8,72,Yes
H1532,47.9,78,Yes
H1533,78.8,58,Yes
H1534,89.5,84,No
H1535,42.5,87,No
H1536,36.7,21,Yes
H1537,37.8,80,No
H1538,72.6,58,Yes
H1539,66.0,49,No
H1540,53.1,82,Yes
H1541,60.1,83,Yes
H1542,32.2,60,Yes
H1543,93.2,47,No
H1544,84.0,40,Yes
H1545,68.4,21,Yes
H1546,60.6,47,No
H1547,79.0,54,No
H1548,82.3,30,No
H1549,80.2,63,No
H1550,80.8,22,No
H1551,78.8,61,Yes
H1552,36.0,25,Yes
H1553,71.6,32,No
H1554,87.5,73,Yes
H1555,87.2,69,No
H1556,60.3,46,No
H1557,47.7,69,Yes
H1558,53.3,42,Yes
H1559,52.7,33,Yes
H1560,90.9,28,Yes
H1561,30.1,26,Yes
H1562,63.3,65,No
H1563,73.5,89,No
H1564,92.3,84,No
H1565,82.2,28,No
H1566,82.6,63,Yes
H1567,54.2,29,Yes
H1568,49.3,40,No
H1569,63.5,20,Yes
H1570,36.7,47,Yes
H1571,34.4,62,No
H1572,52.5,74,No
H1573,40.6,79,Yes
H1574,31.7,56,Yes
H1575,57.3,59,Yes
H1576,62.7,48,No
H1577,30.9,27,Yes
H1578,74.1,43,No
H1579,91.4,40,Yes
H1580,37.2,40,No
H1581,94.8,55,No
H1582,64.2,23,Yes
H1583,68.0,77,No
H1584,86.8,36,Yes
H1585,87.4,69,Yes
H1586,56.5,52,Yes
H1587,55.7,79,Yes
H1588,40.9,70,No
H1589,55.6,39,No
H1590,61.1,56,Yes
H1591,91.3,61,Yes
H1592,61.0,81,Yes
H1593,36.9,77,No
H1594,59.6,79,No
H1595,90.7,66,No
H1596,35.2,40,No
H1597,91.1,78,Yes
H1598,75.3,34,Yes
H1599,40.3,87,No
H1600,93.0,64,No
H1601,85.5,23,Yes
H1602,34.1,28,No
H1603,48.3,75,No
H1604,55.2,25,No
H1605,54.9,78,Yes
H1606,35.0,59,Yes
H1607,83.8,38,No
H1608,91.9,51,No
H1609,44.8,36,Yes
H1610,67.8,64,Yes
H1611,69.7,79,Yes
H1612,39.6,63,No
H1613,44.4,87,No
H1614,62.6,75,No
H1615,51.3,70,Yes
H1616,38.8,50,No
H1617,83.3,62,No
H1618,40.7,37,No
H1619,70.2,79,No
H1620,50.7,56,No
H1621,46.9,39,Yes
H1622,85.7,81,No
H1623,44.1,77,Yes
H1624,56.5,51,No
H1625,89.2,33,No
H1626,58.3,45,Yes
H1627,34.8,60,No
H1628,63.0,69,No
H1629,76.2,44,Yes
H1630,66.2,79,Yes
H1631,69.1,77,No
H1632,40.4,76,Yes
H1633,48.5,41,Yes
H1634,83.4,37,Yes
H1635,42.3,33,Yes
H1636,30.3,66,No
H1637,50.6,46,Yes
H1638,67.2,36,No
H1639,58.0,41,Yes
H1640,63.4,61,No
H1641,85.9,46,Yes
H1642,75.6,24,Yes
H1643,69.4,57,No
H1644,30.1,68,No
H1645,53.9,20,Yes
H1646,48.7,88,Yes
H1647,83.7,65,Yes
H1648,84.1,61,No
H1649,84.2,58,No
H1650,45.5,65,No
H1651,71.7,76,No
H1652,56.8,49,Yes
H1653,88.9,52,No
H1654,72.6,71,No
H1655,50.4,78,Yes
H1656,56.4,67,No
H1657,35.2,71,No
H1658,78.5,74,Yes
H1659,79.7,67,No
H1660,76.8,33,Yes
H1661,92.6,73,Yes
H1662,36.5,32,No
H1663,33.2,65,Yes
H1664,54.2,31,No
H1665,85.9,71,Yes
H1666,82.9,57,Yes
H1667,60.4,84,No
H1668,89.1,74,Yes
H1669,80.1,65,Yes
H1670,88.8,89,No
H1671,59.9,76,Yes
H1672,42.9,46,Yes
H1673,72.5,34,No
H1674,56.4,26,Yes
H1675,33.0,62,Yes
H1676,72.7,84,Yes
H1677,82.1,82,No
H1678,51.6,45,Yes
H1679,41.5,86,No
H1680,42.0,33,Yes
H1681,61.4,85,Yes
H1682,42.8,54,No
H1683,80.9,79,Yes
H1684,61.8,48,Yes
H1685,89.2,20,No
H1686,46.9,52,No
H1687,37.0,23,Yes
H1688,72.6,24,Yes
H1689,77.3,49,No
H1690,61.9,68,Yes
H1691,89.6,37,No
H1692,30.9,76,No
H1693,43.2,47,Yes
H1694,94.8,76,Yes
H1695,81.5,82,Yes
H1696,85.4,81,Yes
H1697,87.0,63,Yes
H1698,77.7,47,No
H1699,93.0,20,Yes
H1700,55.1,83,Yes
H1701,44.6,52,No
H1702,74.2,82,Yes
H1703,80.8,55,No
H1704,73.4,26,No
H1705,32.3,73,No
H1706,33.6,66,No
H1707,43.4,86,No
H1708,67.4,26,No
H1709,45.0,79,Yes
H1710,69.1,33,Yes
H1711,90.5,50,No
H1712,75.1,47,No
H1713,92.8,78,No
H1714,56.0,51,Yes
H1715,53.4,82,Yes
H1716,54.3,30,No
H1717,85.8,75,No
H1718,53.6,59,Yes
H1719,58.9,32,No
H1720,49.7,45,Yes
H1721,95.0,45,Yes
H1722,33.1,40,Yes
H1723,38.1,60,Yes
H1724,46.1,48,Yes
H1725,84.5,69,Yes
H1726,45.3,24,No
H1727,48.4,21,Yes
H1728,89.4,21,Yes
H1729,32.6,84,No
H1730,76.9,43,No
H1731,61.7,87,Yes
H1732,88.9,22,Yes
H1733,68.2,23,Yes
H1734,90.7,51,No
H1735,34.2,83,Yes
H1736,79.6,37,No
H1737,79.1,68,No
H1738,56.9,62,Yes
H1739,67.1,86,No
H1740,62.4,41,Yes
H1741,33.9,56,No
H1742,65.0,51,Yes
H1743,68.6,30,Yes
H1744,61.2,81,Yes
H1745,61.1,81,No
H1746,85.8,48,Yes
H1747,38.7,67,Yes
H1748,61.3,58,Yes
H1749,38.4,81,Yes
H1750,82.2,88,No
H1751,53.1,36,Yes
H1752,57.4,21,No
H1753,41.5,61,No
H1754,75.3,37,Yes
H1755,70.1,74,Yes
H1756,32.4,25,Yes
H1757,70.0,38,Yes
H1758,61.7,69,No
H1759,85.2,88,Yes
H1760,50.6,74,No
H1761,60.7,30,No
H1762,94.3,46,Yes
H1763,64.8,24,No
H1764,53.6,25,No
H1765,59.8,88,Yes
H1766,41.6,28,Yes
H1767,81.7,26,Yes
H1768,71.9,84,No
H1769,91.2,64,No
H1770,88.1,23,Yes
H1771,78.5,33,No
H1772,33.2,47,Yes
H1773,76.3,57,Yes
H1774,88.9,78,No
H1775,32.2,21,No
H1776,33.2,21,No
H1777,30.0,88,Yes
H1778,57.7,82,No
H1779,76.6,46,No
H1780,75.7,78,Yes
H1781,48.5,35,No
H1782,92.6,56,No
H1783,94.8,51,Yes
H1784,72.4,88,Yes
H1785,34.9,25,No
H1786,87.9,34,No
H1787,90.2,42,No
H1788,56.0,64,Yes
H1789,82.7,52,Yes
H1790,51.8,59,Yes
H1791,45.5,24,Yes
H1792,38.9,50,No
H1793,68.3,86,Yes
H1794,76.4,27,Yes
H1795,31.3,59,No
H1796,42.5,88,No
H1797,93.2,73,No
H1798,37.7,51,Yes
H1799,40.3,44,No
H1800,32.0,71,Yes
H1801,89.4,56,Yes
H1802,89.5,76,No
H1803,91.6,40,No
H1804,86.8,51,No
H1805,66.3,82,No
H1806,36.8,82,Yes
H1807,80.9,26,No
H1808,48.6,30,No
H1809,38.6,21,No
H1810,70.6,68,Yes
H1811,80.7,56,No
H1812,49.0,47,Yes
H1813,78.6,71,No
H1814,91.4,78,No
H1815,33.9,42,Yes
H1816,35.1,25,Yes
H1817,36.0,29,Yes
H1818,56.0,28,Yes
H1819,38.8,81,Yes
H1820,37.5,20,No
H1821,94.1,23,Yes
H1822,33.8,89,No
H1823,83.4,70,Yes
H1824,88.6,70,Yes
H1825,67.6,29,No
H1826,87.6,50,Yes
H1827,76.1,46,Yes
H1828,90.4,50,No
H1829,59.4,23,Yes
H1830,78.4,41,Yes
H1831,74.3,60,Yes
H1832,69.0,74,No
H1833,64.3,28,Yes
H1834,94.2,72,Yes
H1835,68.6,85,No
H1836,93.0,83,No
H1837,85.1,68,No
H1838,82.1,51,No
H1839,40.4,59,No
H1840,51.5,42,No
H1841,81.3,81,No
H1842,94.5,42,No
H1843,69.7,61,No
H1844,42.2,37,No
H1845,33.9,24,No
H1846,60.4,62,No
H1847,45.8,63,No
H1848,75.7,36,Yes
H1849,53.6,61,Yes
H1850,88.2,33,Yes
H1851,40.1,61,No
H1852,80.6,67,No
H1853,67.5,48,Yes
H1854,57.9,73,No
H1855,54.1,47,No
H1856,75.7,75,Yes
H1857,89.2,25,No
H1858,65.7,26,No
H1859,45.3,48,No
H1860,62.2,47,Yes
H1861,31.9,48,Yes
H1862,41.0,32,No
H1863,73.9,66,No
H1864,35.5,55,Yes
H1865,93.0,39,Yes
H1866,78.6,88,Yes
H1867,59.4,63,No
H1868,78.9,50,No
H1869,94.4,43,Yes
H1870,71.4,67,No
H1871,76.9,85,Yes
H1872,88.6,56,Yes
H1873,63.2,32,Yes
H1874,59.6,46,No
H1875,52.7,38,No
H1876,84.9,31,Yes
H1877,76.5,26,No
H1878,90.2,89,Yes
H1879,38.0,31,No
H1880,63.3,55,Yes
H1881,89.1,49,No
H1882,57.7,75,Yes
H1883,32.2,40,No
H1884,40.7,20,Yes
H1885,48.3,52,Yes
H1886,76.4,76,No
H1887,35.4,88,Yes
H1888,46.1,27,Yes
H1889,50.2,44,Yes
H1890,68.2,44,Yes
H1891,59.1,39,Yes
H1892,52.1,67,Yes
H1893,34.5,89,No
H1894,89.2,37,No
H1895,43.3,54,Yes
H1896,57.0,43,No
H1897,70.4,44,No
H1898,79.8,30,Yes
H1899,61.8,45,No
H1900,61.8,46,No
H1901,40.0,31,Yes
H1902,35.5,26,No
H1903,58.5,82,Yes
H1904,65.8,79,Yes
H1905,45.7,57,Yes
H1906,79.6,34,Yes
H1907,50.4,45,No
H1908,50.4,71,Yes
H1909,36.4,73,No
H1910,91.6,79,No
H1911,51.4,88,No
H1912,59.7,20,No
H1913,45.2,40,Yes
H1914,37.1,65,Yes
H1915,84.2,32,Yes
H1916,89.2,78,No
H1917,78.0,56,Yes
H1918,67.4,41,No
H1919,48.3,87,No
H1920,92.2,75,Yes
H1921,90.4,39,No
H1922,56.1,79,Yes
H1923,32.7,84,Yes
H1924,50.8,22,No
H1925,45.4,58,No
H1926,92.2,85,Yes
H1927,78.5,81,Yes
H1928,46.9,55,Yes
H1929,32.1,22,No
H1930,80.3,32,No
H1931,49.0,70,Yes
H1932,63.3,62,No
H1933,93.0,57,No
H1934,80.7,78,No
H1935,68.7,70,Yes
H1936,44.1,82,No
H1937,76.4,58,No
H1938,39.4,82,Yes
H1939,72.6,24,Yes
H1940,54.5,39,No
H1941,66.4,66,No
H1942,47.7,59,Yes
H1943,93.4,72,Yes
H1944,38.3,41,Yes
H1945,54.3,24,Yes
H1946,75.1,26,Yes
H1947,58.0,50,Yes
H1948,44.7,26,Yes
H1949,83.4,20,No
H1950,56.7,38,No
H1951,43.7,25,Yes
H1952,58.7,46,Yes
H1953,53.9,63,No
H1954,44.7,69,Yes
H1955,73.8,55,No
H1956,34.3,60,Yes
H1957,62.1,66,Yes
H1958,37.7,26,Yes
H1959,59.4,60,Yes
H1960,83.3,37,Yes
H1961,53.1,41,No
H1962,77.7,60,Yes
H1963,34.3,27,No
H1964,70.2,29,Yes
H1965,65.8,40,No
H1966,94.0,21,No
H1967,60.9,77,Yes
H1968,89.6,52,No
H1969,79.0,48,Yes
H1970,59.5,38,No
H1971,68.3,82,Yes
H1972,72.1,75,Yes
H1973,75.3,27,Yes
H1974,83.9,29,No
H1975,58.1,80,Yes
H1976,47.5,29,No
H1977,80.0,88,No
H1978,63.3,28,No
H1979,42.6,52,No
H1980,35.1,56,No
H1981,75.1,40,No
H1982,40.0,40,No
H1983,30.7,44,Yes
H1984,64.6,27,Yes
H1985,81.6,84,Yes
H1986,69.0,42,No
H1987,85.6,62,No
H1988,31.2,59,No
H1989,63.6,46,Yes
H1990,50.4,20,Yes
H1991,72.8,35,Yes
H1992,89.1,40,No
H1993,83.8,33,Yes
H1994,41.0,58,No
H1995,88.0,21,Yes
H1996,94.8,24,Yes
H1997,56.6,64,Yes
H1998,87.6,42,Yes
H1999,34.2,66,No
H2000,53.1,77,Yes
H2001,76.9,59,No
H2002,30.7,74,Yes
H2003,48.4,26,Yes
H2004,52.1,31,No
H2005,61.1,39,Yes
H2006,36.0,35,Yes
H2007,91.5,20,Yes
H2008,60.9,63,Yes
H2009,69.1,30,No
H2010,31.2,42,Yes
H2011,82.4,46,No
H2012,82.3,22,Yes
H2013,69.2,83,No
H2014,75.0,36,No
H2015,34.3,61,No
H2016,49.2,57,No
H2017,48.5,55,No
H2018,64.2,88,Yes
H2019,33.9,88,No
H2020,82.6,62,Yes
H2021,94.8,62,Yes
H2022,74.2,81,Yes
H2023,43.9,63,No
H2024,58.8,31,Yes
H2025,84.2,50,Yes
H2026,40.9,50,No
H2027,35.8,46,No
H2028,88.1,45,Yes
H2029,37.0,61,Yes
H2030,43.6,76,No
H2031,64.5,88,Yes
H2032,73.0,29,No
H2033,69.6,43,Yes
H2034,31.1,83,Yes
H2035,48.8,31,No
H2036,80.9,35,No
H2037,46.4,53,No
H2038,90.0,29,No
H2039,33.4,37,Yes
H2040,63.6,21,No
H2041,92.8,37,Yes
H2042,63.6,85,No
H2043,73.3,40,Yes
H2044,45.6,89,No
H2045,88.8,37,Yes
H2046,53.7,85,Yes
H2047,42.0,89,Yes
H2048,45.2,45,Yes
H2049,31.1,60,No
H2050,42.2,39,No
H2051,94.6,44,No
H2052,71.8,71,Yes
H2053,88.3,32,No
H2054,71.2,50,No
H2055,50.8,30,No
H2056,85.8,75,No
H2057,78.9,71,Yes
H2058,51.9,56,No
H2059,70.5,28,Yes
H2060,53.7,54,Yes
H2061,49.1,41,No
H2062,85.3,68,No
H2063,93.4,83,Yes
H2064,77.6,42,No
H2065,70.7,87,Yes
H2066,52.3,74,No
H2067,51.1,38,No
H2068,64.2,54,No
H2069,42.3,82,Yes
H2070,40.4,60,No
H2071,54.6,72,No
H2072,63.8,47,Yes
H2073,43.9,23,No
H2074,54.0,56,Yes
H2075,47.5,25,No
H2076,46.0,28,No
H2077,52.9,88,Yes
H2078,66.7,33,Yes
H2079,66.1,29,Yes
H2080,81.5,75,No
H2081,92.9,40,Yes
H2082,63.0,34,Yes
H2083,58.2,33,Yes
H2084,68.3,70,Yes
H2085,78.7,67,Yes
H2086,94.1,56,No
H2087,45.2,49,Yes
H2088,56.9,85,Yes
H2089,52.7,73,No
H2090,48.8,43,Yes
H2091,86.5,59,Yes
H2092,59.8,74,No
H2093,60.3,72,Yes
H2094,91.9,32,No
H2095,76.7,55,No
H2096,71.5,37,No
H2097,51.5,87,No
H2098,65.5,54,No
H2099,41.8,71,No
H2100,32.8,47,Yes
H2101,40.9,87,Yes
H2102,88.1,55,No
H2103,52.0,54,Yes
H2104,36.4,33,No
H2105,54.2,67,Yes
H2106,88.2,89,Yes
H2107,82.3,45,No
H2108,92.9,78,Yes
H2109,74.3,26,No
H2110,37.4,45,Yes
H2111,32.0,85,Yes
H2112,85.6,81,Yes
H2113,56.9,54,No
H2114,49.3,48,Yes
H2115,73.1,45,Yes
H2116,93.8,37,Yes
H2117,79.1,32,No
H2118,85.7,52,No
H2119,35.7,79,Yes
H2120,32.8,77,No
H2121,77.3,86,No
H2122,49.7,27,Yes
H2123,30.3,88,No
H2124,31.9,26,No
H2125,91.5,84,No
H2126,56.7,32,Yes
H2127,87.9,21,No
H2128,32.7,75,Yes
H2129,30.7,74,Yes
H2130,82.0,46,No
H2131,63.1,74,Yes
H2132,67.3,51,No
H2133,83.0,88,No
H2134,33.1,86,Yes
H2135,63.5,46,No
H2136,54.9,59,No
H2137,84.0,76,No
H2138,69.4,75,Yes
H2139,88.1,42,No
H2140,83.2,79,Yes
H2141,34.0,28,No
H2142,47.0,81,No
H2143,84.2,30,Yes
H2144,57.8,83,Yes
H2145,63.4,87,No
H2146,37.4,57,No
H2147,92.6,46,No
H2148,37.6,62,No
H2149,53.4,87,Yes
H2150,34.1,80,No
H2151,55.4,25,No
H2152,84.6,51,No
H2153,46.4,66,Yes
H2154,30.6,88,Yes
H2155,83.8,63,No
H2156,44.5,48,No
H2157,45.0,52,Yes
H2158,82.4,63,No
H2159,90.4,52,Yes
H2160,81.6,64,Yes
H2161,31.3,62,No
H2162,46.0,35,Yes
H2163,53.3,52,No
H2164,34.3,88,No
H2165,68.6,80,No
H2166,53.3,40,Yes
H2167,35.0,73,No
H2168,71.9,36,No
H2169,42.9,81,Yes
H2170,32.1,33,No
H2171,74.0,50,Yes
H2172,90.8,75,No
H2173,54.4,33,Yes
H2174,56.2,67,No
H2175,58.7,37,Yes
H2176,86.3,70,No
H2177,57.1,36,No
H2178,66.5,48,Yes
H2179,54.7,56,Yes
H2180,72.9,71,Yes
H2181,85.2,74,Yes
H2182,34.1,21,Yes
H2183,60.1,43,Yes
H2184,40.0,88,Yes
H2185,62.1,38,Yes
H2186,63.6,20,No
H2187,34.3,48,No
H2188,35.3,76,No
H2189,42.1,23,No
H2190,83.8,33,Yes
H2191,47.2,42,Yes
H2192,83.3,37,Yes
H2193,33.4,76,Yes
H2194,86.3,88,No
H2195,83.0,60,No
H2196,77.0,50,Yes
H2197,75.8,84,Yes
H2198,51.7,86,No
H2199,66.3,82,Yes
H2200,67.3,82,Yes
H2201,85.0,72,No
H2202,84.7,87,Yes
H2203,51.8,77,No
H2204,88.2,82,Yes
H2205,62.0,21,No
H2206,58.4,50,No
H2207,88.3,56,No
H2208,79.0,46,No
H2209,86.9,51,Yes
H2210,84.9,79,No
H2211,51.4,60,No
H2212,41.6,64,Yes
H2213,52.9,89,No
H2214,66.8,65,Yes
H2215,81.3,37,No
H2216,31.3,58,Yes
H2217,44.1,26,No
H2218,64.5,72,Yes
H2219,45.3,70,Yes
H2220,81.9,45,Yes
H2221,46.8,86,Yes
H2222,32.0,84,No
H2223,76.0,32,No
H2224,77.7,65,Yes
H2225,63.0,67,No
H2226,78.7,46,Yes
H2227,37.4,45,No
H2228,55.3,69,Yes
H2229,50.1,51,Yes
H2230,36.8,64,Yes
H2231,80.3,65,Yes
H2232,40.2,50,Yes
H2233,64.1,80,No
H2234,74.7,49,No
H2235,61.0,85,No
H2236,88.9,89,Yes
H2237,60.8,59,Yes
H2238,93.3,61,No
H2239,70.6,26,Yes
H2240,53.7,27,Yes
H2241,38.9,24,Yes
H2242,54.3,81,Yes
H2243,54.9,72,Yes
H2244,74.8,47,No
H2245,63.7,67,Yes
H2246,56.1,65,No
H2247,71.2,35,Yes
H2248,93.3,20,Yes
H2249,78.8,22,Yes
H2250,38.0,65,Yes
H2251,87.3,76,Yes
H2252,69.0,28,Yes
H2253,79.2,45,Yes
H2254,82.1,42,Yes
H2255,93.5,38,No
H2256,59.8,79,Yes
H2257,65.3,24,No
H2258,57.0,48,Yes
H2259,73.6,64,Yes
H2260,83.1,41,No
H2261,36.3,66,Yes
H2262,65.4,41,Yes
H2263,85.0,25,Yes
H2264,92.6,78,No
H2265,75.7,52,Yes
H2266,64.3,53,No
H2267,93.4,61,Yes
H2268,75.0,82,No
H2269,68.6,52,No
H2270,89.2,22,Yes
H2271,88.0,73,No
H2272,41.1,21,Yes
H2273,63.6,60,No
H2274,51.8,21,Yes
H2275,61.4,50,Yes
H2276,63.2,67,No
H2277,58.3,59,Yes
H2278,47.8,57,No
H2279,49.8,60,No
H2280,33.8,49,No
H2281,82.8,89,Yes
H2282,47.7,83,No
H2283,64.7,56,No
H2284,35.3,36,No
H2285,46.4,26,No
H2286,88.2,74,No
H2287,84.5,86,No
H2288,70.8,48,No
H2289,55.4,86,No
H2290,37.0,65,Yes
H2291,51.3,46,Yes
H2292,59.7,50,Yes
H2293,84.6,61,No
H2294,30.6,37,Yes
H2295,53.4,46,No
H2296,37.3,88,No
H2297,78.2,22,Yes
H2298,85.8,64,Yes
H2299,47.5,76,No
H2300,90.6,24,Yes
H2301,68.2,84,No
H2302,51.8,76,Yes
H2303,84.6,53,No
H2304,56.7,23,No
H2305,61.5,84,No
H2306,36.2,25,Yes
H2307,76.1,49,No
H2308,75.8,59,No
H2309,72.6,80,No
H2310,39.1,43,Yes
H2311,72.9,60,Yes
H2312,54.8,33,Yes
H2313,52.7,61,Yes
H2314,55.9,88,No
H2315,85.4,60,Yes
H2316,92.8,68,Yes
H2317,52.1,67,No
H2318,93.0,52,No
H2319,38.4,57,Yes
H2320,48.7,65,No
H2321,42.6,88,Yes
H2322,52.6,72,No
H2323,32.1,89,Yes
H2324,91.5,28,Yes
H2325,94.9,20,No
H2326,94.0,48,No
H2327,73.4,26,No
H2328,49.7,38,Yes
H2329,79.7,55,No
H2330,94.2,22,No
H2331,64.7,58,No
H2332,59.9,25,Yes
H2333,42.8,66,No
H2334,73.6,31,No
H2335,78.7,65,No
H2336,65.1,69,No
H2337,44.4,61,No
H2338,72.2,28,No
H2339,68.6,20,No
H2340,34.5,20,Yes
H2341,30.6,88,Yes
H2342,45.7,70,Yes
H2343,81.8,66,Yes
H2344,45.1,41,No
H2345,61.0,68,Yes
H2346,59.8,23,No
H2347,40.3,85,Yes
H2348,48.7,60,Yes
H2349,89.9,38,No
H2350,81.2,70,Yes
H2351,35.0,48,Yes
H2352,59.4,83,Yes
H2353,86.2,51,No
H2354,55.8,20,No
H2355,71.2,65,No
H2356,70.6,40,Yes
H2357,51.9,61,No
H2358,77.7,59,Yes
H2359,30.5,69,Yes
H2360,69.2,36,No
H2361,64.9,49,No
H2362,43.8,55,No
H2363,35.3,22,Yes
H2364,42.0,80,Yes
H2365,78.6,53,No
H2366,62.0,54,No
H2367,70.5,46,Yes
H2368,57.5,71,Yes
H2369,49.8,38,Yes
H2370,90.2,66,No
H2371,77.6,41,Yes
H2372,45.2,52,No
H2373,76.1,42,Yes
H2374,48.4,64,Yes
H2375,30.1,59,Yes
H2376,42.7,47,Yes
H2377,64.5,25,No
H2378,45.2,49,Yes
H2379,83.5,83,No
H2380,38.4,65,No
H2381,46.8,44,Yes
H2382,68.8,41,No
H2383,66.6,52,Yes
H2384,33.3,20,No
H2385,42.0,38,Yes
H2386,41.1,37,No
H2387,73.6,64,No
H2388,64.0,81,No
H2389,71.4,66,No
H2390,83.8,55,No
H2391,92.4,23,No
H2392,81.8,42,Yes
H2393,37.1,79,No
H2394,69.2,56,No
H2395,81.0,82,No
H2396,85.7,48,Yes
H2397,76.6,72,No
H2398,47.3,63,No
H2399,47.8,88,Yes
H2400,49.3,43,Yes
H2401,89.8,35,No
H2402,56.1,37,Yes
H2403,87.5,36,No
H2404,65.5,74,Yes
H2405,54.8,59,Yes
H2406,59.7,86,No
H2407,84.2,41,No
H2408,37.5,63,No
H2409,38.9,73,Yes
H2410,32.4,84,Yes
H2411,33.0,82,Yes
H2412,52.6,73,Yes
H2413,77.3,77,No
H2414,81.4,63,Yes
H2415,57.7,51,Yes
H2416,54.1,38,No
H2417,73.4,32,No
H2418,84.0,87,Yes
H2419,78.6,35,No
H2420,78.0,87,Yes
H2421,31.4,24,No
H2422,37.1,69,Yes
H2423,70.7,38,No
H2424,80.7,65,No
H2425,34.4,63,No
H2426,71.0,77,No
H2427,41.0,25,Yes
H2428,70.4,65,Yes
H2429,74.1,28,Yes
H2430,92.4,83,Yes
H2431,59.1,78,No
H2432,34.3,81,No
H2433,85.0,67,Yes
H2434,54.8,28,Yes
H2435,92.1,51,Yes
H2436,79.8,28,Yes
H2437,68.0,68,Yes
H2438,46.5,82,Yes
H2439,49.8,49,Yes
H2440,56.3,25,Yes
H2441,44.6,77,Yes
H2442,30.1,85,No
H2443,37.2,42,No
H2444,64.9,21,No
H2445,38.6,27,No
H2446,67.6,30,Yes
H2447,50.2,31,No
H2448,78.7,78,No
H2449,83.4,20,No
H2450,39.1,35,Yes
H2451,54.3,89,Yes
H2452,37.2,67,Yes
H2453,89.3,22,No
H2454,77.9,63,Yes
H2455,52.2,47,No
H2456,33.7,22,No
H2457,38.8,87,No
H2458,31.0,88,No
H2459,35.0,50,No
H2460,87.6,89,No
H2461,78.5,79,Yes
H2462,61.3,76,No
H2463,81.5,69,No
H2464,87.8,72,No
H2465,69.4,59,No
H2466,33.0,68,No
H2467,56.5,38,No
H2468,91.7,73,No
H2469,79.7,21,No
H2470,46.9,44,No
H2471,67.1,34,Yes
H2472,62.5,45,Yes
H2473,62.7,59,No
H2474,70.2,42,Yes
H2475,83.7,38,Yes
H2476,89.4,73,Yes
H2477,54.5,84,Yes
H2478,91.9,35,Yes
H2479,37.0,37,No
H2480,55.2,22,Yes
H2481,90.9,64,Yes
H2482,31.1,30,No
H2483,86.7,35,Yes
H2484,31.6,20,Yes
H2485,87.1,69,No
H2486,94.9,84,Yes
H2487,31.2,49,Yes
H2488,32.3,51,Yes
H2489,71.6,46,Yes
H2490,94.7,88,No
H2491,50.1,83,No
H2492,70.8,26,No
H2493,33.4,59,No
H2494,82.0,75,No
H2495,31.6,44,Yes
H2496,50.2,60,No
H2497,76.4,55,No
H2498,38.4,38,Yes
H2499,43.2,40,Yes
H2500,94.5,26,No
H2501,81.0,48,Yes
H2502,77.8,62,No
H2503,61.8,43,No
H2504,43.9,47,No
H2505,71.4,22,No
H2506,38.8,43,No
H2507,41.5,47,Yes
H2508,80.9,78,Yes
H2509,78.5,70,Yes
H2510,59.9,65,Yes
H2511,30.2,46,Yes
H2512,69.6,42,Yes
H2513,86.6,77,No
H2514,77.1,72,No
H2515,50.3,76,No
H2516,72.3,72,Yes
H2517,84.7,36,Yes
H2518,84.9,82,No
H2519,83.9,43,Yes
H2520,45.2,55,Yes
H2521,69.1,31,Yes
H2522,55.0,32,No
H2523,37.9,52,No
H2524,75.3,59,No
H2525,79.3,72,Yes
H2526,39.8,37,Yes
H2527,39.1,58,No
H2528,91.8,36,Yes
H2529,76.1,34,Yes
H2530,63.7,63,No
H2531,76.7,31,No
H2532,89.0,75,No
H2533,38.9,73,Yes
H2534,54.2,30,Yes
H2535,42.4,30,No
H2536,49.9,28,No
H2537,59.4,83,Yes
H2538,56.5,37,No
H2539,53.3,32,Yes
H2540,50.5,83,Yes
H2541,39.4,78,No
H2542,54.8,63,Yes
H2543,75.0,75,No
H2544,56.3,25,Yes
H2545,79.5,66,Yes
H2546,30.3,55,Yes
H2547,39.0,54,No
H2548,59.9,70,Yes
H2549,54.3,49,No
H2550,79.8,58,Yes
H2551,62.5,87,No
H2552,73.6,65,No
H2553,32.6,49,No
H2554,61.6,51,Yes
H2555,64.6,59,Yes
H2556,43.6,56,No
H2557,35.8,24,Yes
H2558,38.3,83,Yes
H2559,61.2,65,Yes
H2560,89.3,84,No
H2561,33.2,80,Yes
H2562,93.6,32,No
H2563,51.1,62,Yes
H2564,72.9,50,No
H2565,49.8,64,No
H2566,89.1,22,No
H2567,88.2,55,Yes
H2568,89.1,78,No
H2569,52.2,76,No
H2570,36.5,74,No
H2571,91.4,65,Yes
H2572,45.6,83,No
H2573,84.3,49,Yes
H2574,91.0,28,No
H2575,86.4,80,No
H2576,79.2,62,No
H2577,60.0,29,Yes
H2578,75.9,61,No
H2579,49.2,81,Yes
H2580,86.4,65,Yes
H2581,30.3,71,Yes
H2582,74.2,57,Yes
H2583,72.7,27,Yes
H2584,92.7,69,Yes
H2585,59.0,82,Yes
H2586,64.9,79,Yes
H2587,84.5,49,No
H2588,76.9,26,Yes
H2589,81.4,36,Yes
H2590,46.0,86,No
H2591,48.6,65,Yes
H2592,45.9,72,No
H2593,54.0,77,Yes
H2594,73.8,86,No
H2595,57.8,59,No
H2596,44.6,24,No
H2597,43.6,73,No
H2598,39.3,24,Yes
H2599,33.7,52,Yes
H2600,94.9,24,Yes
H2601,55.2,89,Yes
H2602,32.7,79,Yes
H2603,54.0,67,Yes
H2604,78.2,67,Yes
H2605,34.2,32,No
H2606,92.5,89,Yes
H2607,93.8,25,No
H2608,77.8,63,Yes
H2609,36.8,70,No
H2610,53.5,67,No
H2611,73.3,48,Yes
H2612,76.0,66,Yes
H2613,45.1,74,Yes
H2614,49.8,81,Yes
H2615,90.1,55,Yes
H2616,90.8,21,Yes
H2617,66.6,66,No
H2618,63.2,70,No
H2619,91.3,77,No
H2620,40.4,85,No
H2621,73.7,77,No
H2622,79.4,34,No
H2623,52.5,80,Yes
H2624,65.4,32,No
H2625,30.3,43,Yes
H2626,75.6,25,Yes
H2627,51.5,81,No
H2628,42.7,61,No
H2629,85.9,83,Yes
H2630,72.6,74,Yes
H2631,93.6,79,Yes
H2632,67.5,74,No
H2633,81.3,89,Yes
H2634,73.8,44,Yes
H2635,67.8,31,Yes
H2636,56.8,66,No
H2637,56.8,35,Yes
H2638,94.5,71,Yes
H2639,91.2,54,No
H2640,76.5,22,Yes
H2641,67.0,26,Yes
H2642,79.0,22,Yes
H2643,69.0,44,Yes
H2644,79.6,42,Yes
H2645,93.6,59,Yes
H2646,50.6,55,Yes
H2647,79.2,47,No
H2648,72.1,22,No
H2649,31.9,29,No
H2650,92.3,63,Yes
H2651,74.4,50,No
H2652,87.9,58,Yes
H2653,80.4,88,No
H2654,56.3,67,No
H2655,44.3,22,No
H2656,35.5,85,No
H2657,68.2,29,Yes
H2658,92.9,34,Yes
H2659,52.2,32,Yes
H2660,77.7,36,Yes
H2661,47.9,70,Yes
H2662,75.9,33,No
H2663,84.4,27,Yes
H2664,48.4,49,No
H2665,44.2,67,No
H2666,51.4,43,Yes
H2667,30.7,33,Yes
H2668,88.7,37,Yes
H2669,61.0,35,No
H2670,89.3,82,No
H2671,91.8,84,No
H2672,80.8,20,No
H2673,45.4,81,Yes
H2674,90.7,48,No
H2675,62.0,77,Yes
H2676,33.4,35,No
H2677,85.1,26,No
H2678,88.4,64,Yes
H2679,43.6,36,Yes
H2680,34.9,86,Yes
H2681,46.4,25,No
H2682,76.4,55,No
H2683,42.7,52,No
H2684,93.8,58,No
H2685,82.1,78,Yes
H2686,62.7,83,No
H2687,75.1,51,Yes
H2688,64.4,39,No
H2689,33.9,29,Yes
H2690,90.1,22,No
H2691,51.9,39,No
H2692,64.9,26,Yes
H2693,59.7,33,Yes
H2694,51.0,30,Yes
H2695,40.4,47,No
H2696,90.8,79,Yes
H2697,80.7,47,Yes
H2698,66.7,60,No
H2699,73.3,39,Yes
H2700,77.4,29,No
H2701,52.7,85,No
H2702,77.4,41,No
H2703,78.8,62,Yes
H2704,40.7,83,Yes
H2705,30.8,77,No
H2706,50.2,67,Yes
H2707,75.3,28,Yes
H2708,49.2,35,Yes
H2709,36.0,81,No
H2710,31.8,77,Yes
H2711,36.5,79,No
H2712,72.5,62,Yes
H2713,87.4,52,Yes
H2714,69.4,88,No
H2715,64.2,58,No
H2716,30.8,30,Yes
H2717,30.1,86,No
H2718,50.1,81,No
H2719,75.8,28,No
H2720,46.0,41,No
H2721,33.1,69,No
H2722,54.8,86,Yes
H2723,47.9,53,No
H2724,39.5,78,No
H2725,57.3,46,No
H2726,34.0,22,No
H2727,63.6,41,Yes
H2728,65.5,42,No
H2729,35.4,42,No
H2730,31.0,55,Yes
H2731,52.1,59,No
H2732,56.8,44,Yes
H2733,84.2,88,No
H2734,71.1,38,Yes
H2735,33.8,60,Yes
H2736,60.5,46,No
H2737,90.0,37,Yes
H2738,88.5,47,No
H2739,90.8,73,No
H2740,43.6,30,Yes
H2741,63.8,26,Yes
H2742,30.9,59,Yes
H2743,47.2,26,Yes
H2744,86.4,88,No
H2745,76.3,61,No
H2746,40.8,31,No
H2747,94.0,82,No
H2748,73.5,33,No
H2749,71.4,26,No
H2750,66.0,71,Yes
H2751,92.4,60,No
H2752,88.9,42,No
H2753,41.4,66,Yes
H2754,56.8,64,Yes
H2755,51.1,21,No
H2756,87.9,32,Yes
H2757,85.5,77,No
H2758,43.3,68,Yes
H2759,91.3,74,Yes
H2760,65.7,35,Yes
H2761,75.5,80,Yes
H2762,47.5,75,No
H2763,84.4,23,Yes
H2764,65.1,77,No
H2765,34.4,56,Yes
H2766,74.3,40,No
H2767,92.4,54,Yes
H2768,74.5,48,Yes
H2769,30.1,88,No
H2770,73.2,44,No
H2771,32.7,43,No
H2772,39.2,53,Yes
H2773,38.1,31,No
H2774,55.5,23,No
H2775,39.1,37,Yes
H2776,70.5,82,Yes
H2777,35.6,78,No
H2778,94.5,80,No
H2779,62.1,54,No
H2780,52.6,59,Yes
H2781,71.9,53,No
H2782,50.6,26,No
H2783,80.7,22,No
H2784,74.9,36,Yes
H2785,86.3,26,Yes
H2786,45.4,70,No
H2787,84.6,72,No
H2788,31.2,84,Yes
H2789,58.8,86,Yes
H2790,65.9,22,Yes
H2791,54.9,37,Yes
H2792,82.7,85,No
H2793,43.5,44,Yes
H2794,87.1,31,Yes
H2795,58.6,88,Yes
H2796,40.1,73,No
H2797,63.6,29,Yes
H2798,87.1,35,No
H2799,36.8,64,Yes
H2800,38.7,27,Yes
H2801,81.9,66,No
H2802,80.0,30,No
H2803,76.4,26,Yes
H2804,52.5,81,Yes
H2805,48.6,21,Yes
H2806,39.6,73,Yes
H2807,77.1,89,Yes
H2808,85.3,76,No
H2809,76.7,22,No
H2810,54.2,63,Yes
H2811,85.0,41,No
H2812,63.5,71,No
H2813,85.9,40,Yes
H2814,87.0,74,Yes
H2815,52.5,48,No
H2816,84.7,64,Yes
H2817,87.7,63,Yes
H2818,47.8,85,Yes
H2819,90.0,65,Yes
H2820,80.9,74,No
H2821,65.9,21,Yes
H2822,75.3,68,Yes
H2823,63.9,59,No
H2824,42.3,33,No
H2825,72.2,61,Yes
H2826,30.9,75,Yes
H2827,80.0,47,Yes
H2828,55.9,26,Yes
H2829,73.8,58,No
H2830,69.4,66,Yes
H2831,43.8,88,No
H2832,40.4,55,Yes
H2833,89.6,43,No
H2834,30.3,65,Yes
H2835,31.9,58,Yes
H2836,82.5,86,Yes
H2837,94.7,78,No
H2838,66.7,20,No
H2839,59.3,85,No
H2840,43.0,28,No
H2841,58.6,80,No
H2842,46.5,42,Yes
H2843,38.7,45,No
H2844,32.7,88,Yes
H2845,53.3,65,No
H2846,67.3,32,No
H2847,61.0,63,Yes
H2848,76.7,42,Yes
H2849,36.3,43,No
H2850,69.8,62,Yes
H2851,75.4,26,Yes
H2852,50.4,89,No
H2853,41.7,87,No
H2854,44.1,68,No
H2855,42.3,46,Yes
H2856,37.1,58,Yes
H2857,64.9,65,No
H2858,68.9,36,Yes
H2859,83.2,63,Yes
H2860,34.2,52,Yes
H2861,82.1,87,No
H2862,48.1,66,Yes
H2863,44.7,28,Yes
H2864,82.1,77,No
H2865,75.7,70,Yes
H2866,53.6,67,No
H2867,67.0,62,Yes
H2868,59.6,32,Yes
H2869,55.1,76,Yes
H2870,45.7,50,No
H2871,77.7,85,Yes
H2872,75.0,77,No
H2873,54.9,50,Yes
H2874,89.5,48,Yes
H2875,77.8,53,Yes
H2876,80.7,54,Yes
H2877,79.2,38,No
H2878,65.3,63,Yes
H2879,85.9,57,No
H2880,56.1,21,Yes
H2881,54.9,62,Yes
H2882,72.3,24,No
H2883,35.0,29,No
H2884,62.3,80,No
H2885,84.0,64,No
H2886,38.9,72,Yes
H2887,85.2,32,No
H2888,67.0,29,No
H2889,80.5,39,No
H2890,84.7,75,No
H2891,64.5,41,No
H2892,62.6,80,No
H2893,61.8,70,Yes
H2894,32.4,38,Yes
H2895,46.9,72,No
H2896,79.5,33,No
H2897,70.3,65,No
H2898,33.4,26,Yes
H2899,65.4,27,Yes
H2900,57.9,45,No
H2901,32.9,59,No
H2902,32.6,68,Yes
H2903,90.3,72,Yes
H2904,42.6,51,No
H2905,40.4,52,No
H2906,45.3,43,Yes
H2907,41.5,42,Yes
H2908,86.8,58,Yes
H2909,30.8,87,No
H2910,88.9,47,No
H2911,30.0,55,Yes
H2912,67.9,70,Yes
H2913,58.5,71,Yes
H2914,90.6,64,No
H2915,71.2,25,No
H2916,77.7,71,Yes
H2917,90.8,65,Yes
H2918,47.3,44,Yes
H2919,87.0,55,No
H2920,33.9,65,No
H2921,41.0,59,No
H2922,57.5,63,No
H2923,66.6,40,Yes
H2924,41.6,41,No
H2925,92.6,50,Yes
H2926,85.3,39,No
H2927,92.6,58,Yes
H2928,69.3,76,Yes
H2929,72.0,34,Yes
H2930,55.4,69,Yes
H2931,90.7,57,No
H2932,68.5,86,Yes
H2933,53.7,41,No
H2934,41.3,58,No
H2935,59.3,63,Yes
H2936,51.1,65,Yes
H2937,67.4,67,No
H2938,59.7,22,No
H2939,70.2,20,Yes
H2940,75.3,79,Yes
H2941,57.1,44,Yes
H2942,67.7,88,No
H2943,37.1,68,No
H2944,65.9,49,Yes
H2945,60.7,29,No
H2946,42.0,48,Yes
H2947,61.7,53,No
H2948,72.8,79,No
H2949,81.5,44,No
H2950,51.7,46,Yes
H2951,69.7,89,No
H2952,68.8,61,Yes
H2953,53.4,83,Yes
H2954,71.1,32,Yes
H2955,85.6,40,Yes
H2956,36.8,44,No
H2957,82.9,40,No
H2958,60.7,45,No
H2959,51.5,25,No
H2960,84.9,43,No
H2961,75.8,20,Yes
H2962,59.5,79,No
H2963,78.7,44,No
H2964,54.0,51,Yes
H2965,77.6,61,Yes
H2966,90.7,25,No
H2967,54.2,64,Yes
H2968,52.2,41,No
H2969,43.2,58,Yes
H2970,81.9,75,No
H2971,84.1,34,Yes
H2972,82.3,41,No
H2973,47.1,30,Yes
H2974,86.2,81,Yes
H2975,72.3,70,No
H2976,49.8,43,Yes
H2977,46.3,80,Yes
H2978,35.5,20,No
H2979,70.4,60,Yes
H2980,57.1,35,Yes
H2981,31.5,73,No
H2982,59.9,38,No
H2983,30.8,62,No
H2984,30.7,59,Yes
H2985,77.1,86,No
H2986,53.9,58,Yes
H2987,82.3,31,No
H2988,50.0,56,No
H2989,36.3,38,Yes
H2990,30.5,60,Yes
H2991,33.9,50,Yes
H2992,64.3,48,No
H2993,39.5,69,Yes
H2994,49.2,29,Yes
H2995,88.5,53,Yes
H2996,68.6,78,Yes
H2997,79.3,68,Yes
H2998,78.3,80,Yes
H2999,33.1,80,Yes
H3000,75.4,73,No
H3001,77.2,55,No
H3002,84.8,73,Yes
H3003,77.7,30,No
H3004,91.4,61,No
H3005,67.9,73,No
H3006,53.2,62,Yes
H3007,48.6,56,Yes
H3008,69.9,73,Yes
H3009,77.3,72,No
H3010,88.6,73,Yes
H3011,68.6,86,Yes
H3012,31.8,35,Yes
H3013,64.4,53,No
H3014,91.4,49,Yes
H3015,74.3,20,No
H3016,81.1,31,No
H3017,71.3,78,Yes
H3018,83.3,52,Yes
H3019,63.9,43,Yes
H3020,62.7,48,No
H3021,68.7,41,No
H3022,93.7,88,Yes
H3023,85.5,24,Yes
H3024,67.7,63,Yes
H3025,34.0,42,No
H3026,38.3,37,No
H3027,61.7,54,No
H3028,89.4,33,No
H3029,77.9,56,No
H3030,75.0,70,Yes
H3031,44.5,30,No
H3032,50.3,80,Yes
H3033,90.0,58,No
H3034,47.8,69,No
H3035,66.9,48,No
H3036,73.4,38,No
H3037,83.4,81,Yes
H3038,43.7,31,No
H3039,44.6,30,No
H3040,67.7,65,Yes
H3041,83.6,53,No
H3042,91.0,67,No
H3043,47.2,34,Yes
H3044,33.5,39,No
H3045,54.1,51,No
H3046,77.8,55,No
H3047,36.8,20,Yes
H3048,45.5,54,No
H3049,47.5,50,Yes
H3050,85.3,50,No
H3051,84.2,23,Yes
H3052,38.5,49,No
H3053,40.8,83,Yes
H3054,70.0,21,No
H3055,50.4,39,Yes
H3056,92.0,73,No
H3057,41.7,72,No
H3058,56.4,55,Yes
H3059,59.6,77,No
H3060,70.4,67,No
H3061,49.4,21,Yes
H3062,64.2,37,Yes
H3063,92.1,27,Yes
H3064,92.6,44,No
H3065,78.2,35,No
H3066,71.9,72,No
H3067,68.0,45,No
H3068,47.0,53,No
H3069,84.4,71,No
H3070,55.9,53,Yes
H3071,75.5,38,No
H3072,47.2,66,Yes
H3073,46.6,27,Yes
H3074,49.6,65,Yes
H3075,34.1,84,No
H3076,33.4,31,Yes
H3077,50.0,59,Yes
H3078,71.0,81,No
H3079,66.1,61,Yes
H3080,56.8,29,Yes
H3081,78.0,28,Yes
H3082,43.1,60,Yes
H3083,49.9,37,Yes
H3084,54.8,70,Yes
H3085,87.5,61,No
H3086,63.1,21,Yes
H3087,66.7,59,Yes
H3088,82.5,86,Yes
H3089,66.1,72,Yes
H3090,36.8,25,No
H3091,55.1,84,No
H3092,68.7,87,Yes
H3093,59.4,85,No
H3094,37.7,37,No
H3095,60.8,59,Yes
H3096,62.4,71,Yes
H3097,56.3,53,No
H3098,41.2,35,No
H3099,34.1,74,No
H3100,38.1,77,No
H3101,94.2,35,No
H3102,60.8,81,No
H3103,69.6,63,No
H3104,92.9,78,Yes
H3105,61.8,36,No
H3106,59.1,35,Yes
H3107,52.0,27,No
H3108,63.9,37,No
H3109,87.7,63,Yes
H3110,76.5,58,No
H3111,47.1,51,No
H3112,82.3,61,Yes
H3113,73.4,36,No
H3114,51.2,30,Yes
H3115,86.4,85,Yes
H3116,91.1,64,No
H3117,79.7,28,Yes
H3118,37.1,75,Yes
H3119,92.8,61,No
H3120,79.1,45,Yes
H3121,69.2,72,Yes
H3122,82.9,52,No
H3123,55.1,39,Yes
H3124,43.1,36,No
H3125,36.2,48,No
H3126,62.4,85,Yes
H3127,63.0,64,Yes
H3128,63.2,25,No
H3129,78.1,50,No
H3130,74.4,64,No
H3131,75.2,35,No
H3132,88.1,77,No
H3133,56.2,54,No
H3134,52.6,71,Yes
H3135,37.3,74,No
H3136,32.4,63,Yes
H3137,74.6,29,Yes
H3138,85.3,87,Yes
H3139,34.4,86,Yes
H3140,31.2,26,Yes
H3141,43.3,34,Yes
H3142,59.6,52,No
H3143,93.0,27,Yes
H3144,41.3,46,No
H3145,48.6,38,No
H3146,45.1,65,Yes
H3147,82.0,81,Yes
H3148,87.6,86,No
H3149,88.9,28,No
H3150,61.5,64,No
H3151,50.1,48,No
H3152,50.0,67,Yes
H3153,79.0,82,Yes
H3154,58.6,46,Yes
H3155,56.8,75,Yes
H3156,92.7,76,Yes
H3157,45.4,78,No
H3158,42.0,48,No
H3159,54.0,20,Yes
H3160,78.7,82,Yes
H3161,94.8,32,Yes
H3162,73.6,31,Yes
H3163,61.5,30,No
H3164,38.6,52,Yes
H3165,63.6,80,No
H3166,74.6,22,Yes
H3167,85.3,64,No
H3168,94.1,34,Yes
H3169,50.3,59,No
H3170,71.4,79,Yes
H3171,88.9,38,Yes
H3172,58.6,33,No
H3173,44.2,74,Yes
H3174,76.6,61,No
H3175,53.2,83,Yes
H3176,46.5,76,No
H3177,59.6,32,No
H3178,64.4,34,Yes
H3179,32.9,87,No
H3180,64.6,56,Yes
H3181,69.5,80,Yes
H3182,86.5,81,No
H3183,45.1,52,Yes
H3184,59.5,56,No
H3185,43.4,31,No
H3186,49.2,24,Yes
H3187,41.4,67,No
H3188,45.9,54,Yes
H3189,84.7,69,Yes
H3190,59.4,86,Yes
H3191,91.4,46,No
H3192,63.6,86,No
H3193,65.5,24,No
H3194,50.0,63,No
H3195,92.0,31,Yes
H3196,42.6,36,Yes
H3197,86.7,62,No
H3198,50.1,65,No
H3199,79.9,46,Yes
H3200,57.3,76,Yes
H3201,87.6,71,Yes
H3202,61.2,63,Yes
H3203,33.8,31,Yes
H3204,78.6,81,Yes
H3205,84.0,53,Yes
H3206,57.7,37,Yes
H3207,34.2,76,Yes
H3208,78.1,23,Yes
H3209,52.2,69,No
H3210,42.9,84,No
H3211,86.2,61,No
H3212,88.0,56,Yes
H3213,30.2,53,No
H3214,87.8,56,Yes
H3215,45.5,38,Yes
H3216,48.2,73,No
H3217,44.7,22,Yes
H3218,72.6,24,No
H3219,51.4,24,No
H3220,30.8,41,Yes
H3221,88.0,31,Yes
H3222,55.5,79,No
H3223,80.8,21,No
H3224,84.8,81,Yes
H3225,30.3,68,Yes
H3226,60.0,31,Yes
H3227,59.9,33,Yes
H3228,52.2,38,Yes
H3229,55.1,27,Yes
H3230,90.8,51,Yes
H3231,61.2,42,Yes
H3232,38.0,46,Yes
H3233,66.9,30,Yes
H3234,79.1,29,No
H3235,70.6,70,No
H3236,84.6,66,No
H3237,82.8,30,No
H3238,88.5,47,No
H3239,31.7,27,No
H3240,86.6,30,Yes
H3241,77.4,25,Yes
H3242,65.5,78,No
H3243,93.0,74,No
H3244,93.8,89,No
H3245,30.8,42,No
H3246,58.6,78,No
H3247,85.5,20,Yes
H3248,69.3,62,No
H3249,77.8,37,No
H3250,81.5,67,Yes
H3251,34.4,54,No
H3252,46.6,57,Yes
H3253,58.4,72,Yes
H3254,82.9,80,Yes
H3255,38.5,44,No
H3256,42.6,80,No
H3257,34.0,35,Yes
H3258,61.2,42,No
H3259,36.1,65,No
H3260,69.0,26,Yes
H3261,89.5,28,No
H3262,61.7,20,No
H3263,39.5,57,No
H3264,66.4,36,No
H3265,79.4,39,Yes
H3266,72.7,60,Yes
H3267,53.4,79,Yes
H3268,86.9,75,Yes
H3269,77.5,47,Yes
H3270,71.0,75,Yes
H3271,64.1,83,No
H3272,34.9,83,No
H3273,92.5,53,Yes
H3274,59.4,36,No
H3275,93.0,59,Yes
H3276,58.8,32,No
H3277,57.4,29,Yes
H3278,39.2,88,No
H3279,73.5,72,Yes
H3280,79.3,89,Yes
H3281,73.0,55,No
H3282,86.9,74,No
H3283,62.3,50,No
H3284,75.5,57,Yes
H3285,93.9,49,No
H3286,53.1,33,Yes
H3287,77.4,26,Yes
H3288,41.0,64,Yes
H3289,45.9,33,No
H3290,89.6,51,No
H3291,61.0,51,Yes
H3292,56.5,42,Yes
H3293,87.0,28,Yes
H3294,84.6,47,No
H3295,57.3,81,Yes
H3296,85.8,40,No
H3297,56.9,75,Yes
H3298,57.3,62,Yes
H3299,66.2,81,Yes
H3300,67.2,23,Yes
H3301,91.9,81,No
H3302,89.0,51,No
H3303,65.8,27,No
H3304,77.9,22,Yes
H3305,52.1,79,No
H3306,39.9,60,Yes
H3307,75.4,34,No
H3308,66.2,27,No
H3309,40.4,24,Yes
H3310,52.3,47,No
H3311,93.4,26,Yes
H3312,44.8,53,Yes
H3313,51.8,24,No
H3314,38.3,23,No
H3315,91.1,82,No
H3316,49.3,75,No
H3317,87.2,39,Yes
H3318,48.7,60,Yes
H3319,63.3,55,No
H3320,63.8,64,Yes
H3321,42.1,26,No
H3322,64.4,27,No
H3323,51.9,40,Yes
H3324,49.8,60,Yes
H3325,43.2,50,No
H3326,40.0,64,No
H3327,80.7,71,Yes
H3328,36.0,35,Yes
H3329,87.8,63,Yes
H3330,58.0,47,Yes
H3331,90.2,41,No
H3332,61.7,46,No
H3333,73.5,86,Yes
H3334,81.9,81,No
H3335,92.6,66,No
H3336,81.6,29,Yes
H3337,62.5,75,No
H3338,93.5,24,No
H3339,30.5,49,No
H3340,40.8,34,No
H3341,69.9,74,Yes
H3342,32.5,66,No
H3343,92.8,42,No
H3344,61.2,87,No
H3345,65.4,48,Yes
H3346,33.3,36,No
H3347,55.0,47,Yes
H3348,53.9,86,Yes
H3349,31.2,75,No
H3350,86.2,58,Yes
H3351,50.9,47,Yes
H3352,81.7,75,Yes
H3353,33.1,57,No
H3354,53.9,32,Yes
H3355,78.3,26,No
H3356,44.5,53,Yes
H3357,64.7,68,Yes
H3358,58.3,47,Yes
H3359,89.3,30,Yes
H3360,90.1,59,No
H3361,45.7,35,No
H3362,84.6,25,No
H3363,59.2,76,Yes
H3364,40.3,39,No
H3365,50.6,68,Yes
H3366,40.3,84,Yes
H3367,35.0,31,Yes
H3368,83.9,85,No
H3369,91.3,41,No
H3370,80.6,59,Yes
H3371,52.8,22,No
H3372,77.6,34,Yes
H3373,71.6,43,No
H3374,48.1,64,No
H3375,92.2,22,Yes
H3376,43.3,66,Yes
H3377,75.7,53,Yes
H3378,82.0,60,No
H3379,84.5,54,No
H3380,76.1,51,Yes
H3381,74.7,44,No
H3382,57.8,42,No
H3383,61.4,38,Yes
H3384,30.5,45,Yes
H3385,86.9,87,Yes
H3386,44.3,48,Yes
H3387,63.1,64,Yes
H3388,92.4,29,No
H3389,74.9,67,No
H3390,56.8,67,Yes
H3391,45.9,89,No
H3392,63.6,86,No
H3393,82.8,83,Yes
H3394,80.8,25,Yes
H3395,68.0,46,No
H3396,63.8,82,Yes
H3397,88.9,80,No
H3398,83.6,53,Yes
H3399,69.6,75,Yes
H3400,73.2,74,No
H3401,73.8,28,Yes
H3402,51.3,38,Yes
H3403,46.9,55,Yes
H3404,68.8,48,No
H3405,33.5,57,No
H3406,58.0,64,No
H3407,90.4,58,No
H3408,87.4,83,Yes
H3409,93.1,69,Yes
H3410,36.1,87,No
H3411,89.4,89,No
H3412,44.1,61,Yes
H3413,41.5,61,No
H3414,76.1,42,Yes
H3415,93.0,43,No
H3416,86.9,60,Yes
H3417,42.8,35,Yes
H3418,61.2,29,No
H3419,38.9,80,No
H3420,83.8,61,No
H3421,61.1,87,No
H3422,54.1,89,No
H3423,86.3,75,No
H3424,83.1,70,No
H3425,63.4,31,Yes
H3426,42.6,41,Yes
H3427,79.2,58,Yes
H3428,39.0,25,No
H3429,49.6,33,No
H3430,64.3,46,No
H3431,52.8,28,No
H3432,44.3,78,Yes
H3433,50.4,24,Yes
H3434,36.9,37,Yes
H3435,93.1,57,No
H3436,44.6,82,No
H3437,71.5,40,No
H3438,37.1,81,No
H3439,91.3,77,No
H3440,78.4,52,Yes
H3441,41.6,85,No
H3442,57.4,71,No
H3443,75.3,70,No
H3444,61.8,38,Yes
H3445,37.3,81,Yes
H3446,75.0,44,Yes
H3447,48.9,81,No
H3448,89.6,41,Yes
H3449,81.7,77,Yes
H3450,84.9,45,Yes
H3451,87.2,32,Yes
H3452,81.5,73,Yes
H3453,88.4,40,No
H3454,82.7,20,Yes
H3455,70.8,77,Yes
H3456,42.6,69,No
H3457,84.6,87,Yes
H3458,73.3,57,No
H3459,63.1,82,No
H3460,55.9,35,No
H3461,36.2,66,Yes
H3462,37.7,74,Yes
H3463,94.8,28,Yes
H3464,37.8,67,Yes
H3465,41.9,58,No
H3466,83.4,66,Yes
H3467,37.2,88,Yes
H3468,89.8,50,Yes
H3469,87.9,36,No
H3470,50.3,65,Yes
H3471,56.9,47,No
H3472,60.1,88,No
H3473,58.8,47,Yes
H3474,73.5,61,Yes
H3475,57.2,60,No
H3476,42.1,53,No
H3477,33.4,78,No
H3478,30.2,36,Yes
H3479,51.4,46,No
H3480,74.4,53,No
H3481,83.2,41,No
H3482,37.3,45,Yes
H3483,79.7,64,Yes
H3484,35.5,68,No
H3485,62.3,49,Yes
H3486,46.9,20,Yes
H3487,87.1,28,No
H3488,85.8,73,Yes
H3489,33.0,33,No
H3490,91.0,60,No
H3491,64.7,88,No
H3492,45.6,57,Yes
H3493,43.2,33,No
H3494,35.3,61,Yes
H3495,52.6,25,Yes
H3496,77.4,60,No
H3497,32.8,68,No
H3498,68.4,85,Yes
H3499,67.4,44,Yes
H3500,85.2,35,No
H3501,74.2,50,No
H3502,70.0,59,Yes
H3503,94.2,30,Yes
H3504,42.5,73,Yes
H3505,60.1,84,Yes
H3506,79.1,66,No
H3507,32.7,76,No
H3508,90.3,30,No
H3509,88.2,47,Yes
H3510,49.9,32,No
H3511,72.4,25,Yes
H3512,56.3,64,Yes
H3513,74.0,20,No
H3514,83.3,46,No
H3515,35.3,21,Yes
H3516,86.6,53,No
H3517,81.1,73,Yes
H3518,64.9,38,No
H3519,49.6,33,No
H3520,78.0,65,No
H3521,66.2,35,Yes
H3522,36.0,77,Yes
H3523,58.5,76,No
H3524,88.7,81,Yes
H3525,72.3,67,Yes
H3526,77.3,26,Yes
H3527,53.4,77,Yes
H3528,94.1,72,No
H3529,52.7,52,Yes
H3530,82.0,79,Yes
H3531,62.1,29,Yes
H3532,86.2,35,No
H3533,38.5,69,No
H3534,88.0,53,Yes
H3535,83.5,49,No
H3536,93.0,21,Yes
H3537,58.7,47,Yes
H3538,40.2,38,No
H3539,83.9,28,Yes
H3540,48.9,81,No
H3541,85.0,73,No
H3542,49.2,80,Yes
H3543,37.2,55,No
H3544,80.0,73,No
H3545,94.4,53,Yes
H3546,31.7,33,No
H3547,92.1,81,No
H3548,57.7,85,Yes
H3549,78.1,55,Yes
H3550,51.9,89,Yes
H3551,58.2,88,No
H3552,32.8,80,Yes
H3553,35.7,69,Yes
H3554,52.3,27,No
H3555,80.7,51,Yes
H3556,72.3,44,Yes
H3557,94.6,39,No
H3558,59.4,22,No
H3559,86.4,80,Yes
H3560,70.9,72,Yes
H3561,31.0,48,No
H3562,69.4,21,No
H3563,85.5,74,No
H3564,90.3,26,No
H3565,87.3,37,Yes
H3566,73.3,73,Yes
H3567,41.3,62,Yes
H3568,41.6,87,Yes
H3569,83.0,77,No
H3570,47.4,50,Yes
H3571,58.2,21,No
H3572,85.3,27,Yes
H3573,52.6,80,No
H3574,67.4,20,Yes
H3575,88.9,36,No
H3576,76.8,59,No
H3577,72.4,86,No
H3578,61.6,81,Yes
H3579,82.4,22,No
H3580,92.7,38,Yes
H3581,86.9,79,Yes
H3582,30.3,21,Yes
H3583,83.4,42,Yes
H3584,47.0,89,No
H3585,61.5,53,No
H3586,93.1,22,Yes
H3587,50.6,59,Yes
H3588,92.5,78,No
H3589,67.0,47,Yes
H3590,59.3,77,No
H3591,31.7,47,No
H3592,34.8,30,Yes
H3593,62.0,51,No
H3594,43.8,46,Yes
H3595,46.0,45,Yes
H3596,79.9,25,No
H3597,48.6,73,No
H3598,81.8,85,No
H3599,87.9,26,Yes
H3600,90.4,48,Yes
H3601,94.4,56,No
H3602,59.2,89,No
H3603,62.1,35,No
H3604,54.9,40,Yes
H3605,43.3,42,Yes
H3606,69.3,43,No
H3607,70.9,50,Yes
H3608,50.8,34,No
H3609,87.6,88,No
H3610,82.8,30,No
H3611,81.5,27,Yes
H3612,78.3,71,No
H3613,65.2,25,Yes
H3614,56.1,35,Yes
H3615,64.5,37,No
H3616,64.1,50,No
H3617,68.4,62,Yes
H3618,49.7,64,Yes
H3619,42.3,62,No
H3620,64.1,58,No
H3621,70.6,40,No
H3622,50.3,72,Yes
H3623,89.3,32,Yes
H3624,36.7,74,Yes
H3625,74.0,40,No
H3626,61.1,36,Yes
H3627,46.3,27,No
H3628,62.1,85,No
H3629,32.2,30,No
H3630,81.4,22,No
H3631,58.8,84,No
H3632,87.6,68,Yes
H3633,62.2,77,No
H3634,47.7,76,No
H3635,38.4,57,Yes
H3636,72.5,39,Yes
H3637,34.9,63,Yes
H3638,33.2,47,No
H3639,69.9,45,No
H3640,69.8,40,No
H3641,39.3,88,No
H3642,68.5,41,No
H3643,59.1,20,No
H3644,35.5,34,Yes
H3645,88.2,66,Yes
H3646,68.7,59,No
H3647,60.1,47,No
H3648,72.8,56,No
H3649,32.4,46,No
H3650,46.3,22,No
H3651,38.1,47,Yes
H3652,35.0,82,No
H3653,79.0,32,No
H3654,61.6,22,Yes
H3655,90.9,73,No
H3656,91.1,38,Yes
H3657,90.1,26,Yes
H3658,44.3,83,Yes
H3659,51.5,80,No
H3660,93.2,84,Yes
H3661,64.8,56,Yes
H3662,49.4,74,No
H3663,54.6,37,No
H3664,50.4,27,No
H3665,42.9,45,No
H3666,93.2,75,Yes
H3667,80.1,67,No
H3668,86.3,69,Yes
H3669,49.9,64,Yes
H3670,32.6,36,No
H3671,46.3,82,No
H3672,45.7,68,No
H3673,50.8,49,Yes
H3674,88.8,52,No
H3675,66.7,37,No
H3676,33.8,61,Yes
H3677,63.1,40,Yes
H3678,53.5,67,Yes
H3679,49.2,34,No
H3680,60.1,71,No
H3681,56.9,89,Yes
H3682,68.2,79,Yes
H3683,64.2,62,Yes
H3684,38.7,27,No
H3685,80.7,23,No
H3686,93.1,35,No
H3687,39.9,34,No
H3688,80.4,35,Yes
H3689,47.1,66,Yes
H3690,88.8,77,No
H3691,46.6,58,Yes
H3692,71.3,36,Yes
H3693,85.2,73,No
H3694,33.8,48,Yes
H3695,31.4,42,Yes
H3696,91.7,61,No
H3697,67.1,25,No
H3698,33.7,62,Yes
H3699,68.8,62,Yes
H3700,80.4,72,No
H3701,83.1,47,Yes
H3702,53.3,40,No
H3703,56.6,86,Yes
H3704,76.5,57,No
H3705,72.4,49,Yes
H3706,86.0,60,No
H3707,45.5,23,Yes
H3708,32.0,35,No
H3709,36.6,50,No
H3710,60.0,80,No
H3711,31.6,82,Yes
H3712,75.9,82,Yes
H3713,80.9,20,No
H3714,67.1,82,No
H3715,50.4,39,Yes
H3716,31.6,58,No
H3717,42.3,47,No
H3718,85.0,53,No
H3719,46.4,45,Yes
H3720,68.1,84,No
H3721,45.4,31,Yes
H3722,86.1,81,Yes
H3723,77.0,40,Yes
H3724,35.9,39,Yes
H3725,92.1,30,Yes
H3726,86.5,35,No
H3727,50.6,60,Yes
H3728,40.4,70,No
H3729,61.1,76,No
H3730,68.5,76,No
H3731,55.9,81,Yes
H3732,54.5,43,No
H3733,40.7,54,No
H3734,70.1,44,No
H3735,60.9,36,No
H3736,55.1,83,No
H3737,62.8,78,Yes
H3738,56.0,44,Yes
H3739,80.6,25,No
H3740,43.3,28,No
H3741,45.3,69,Yes
H3742,33.8,51,No
H3743,35.2,61,No
H3744,31.1,41,Yes
H3745,48.7,69,No
H3746,75.3,56,Yes
H3747,64.7,34,No
H3748,83.3,84,Yes
H3749,76.2,84,No
H3750,33.4,60,Yes
H3751,30.6,69,No
H3752,80.2,41,Yes
H3753,36.0,29,Yes
H3754,75.6,59,No
H3755,60.2,65,No
H3756,68.4,71,No
H3757,74.7,68,No
H3758,80.1,39,No
H3759,77.7,69,Yes
H3760,68.5,77,Yes
H3761,50.1,57,No
H3762,65.1,65,No
H3763,89.4,42,No
H3764,58.2,58,Yes
H3765,55.5,78,No
H3766,85.6,48,Yes
H3767,68.0,64,Yes
H3768,53.8,71,No
H3769,70.8,77,No
H3770,61.0,33,Yes
H3771,48.1,43,Yes
H3772,49.8,27,Yes
H3773,66.7,83,Yes
H3774,39.4,56,Yes
H3775,41.9,27,Yes
H3776,60.6,25,No
H3777,70.3,61,No
H3778,47.3,78,Yes
H3779,65.7,50,No
H3780,83.4,42,Yes
H3781,57.8,80,No
H3782,78.3,29,No
H3783,45.8,32,No
H3784,58.7,29,No
H3785,53.6,86,Yes
H3786,82.2,72,Yes
H3787,90.5,68,Yes
H3788,49.9,84,Yes
H3789,58.2,20,Yes
H3790,90.4,50,No
H3791,33.8,28,No
H3792,67.8,22,No
H3793,80.5,70,No
H3794,67.2,76,Yes
H3795,85.9,57,No
H3796,32.6,69,Yes
H3797,70.2,71,No
H3798,86.1,71,No
H3799,38.3,25,Yes
H3800,33.8,41,No
H3801,57.1,41,Yes
H3802,80.2,69,No
H3803,68.4,88,Yes
H3804,43.5,51,No
H3805,53.3,77,No
H3806,88.5,29,No
H3807,77.1,43,No
H3808,34.8,21,Yes
H3809,91.6,66,Yes
H3810,60.9,89,No
H3811,83.9,33,No
H3812,45.5,45,No
H3813,55.2,32,Yes
H3814,84.9,21,No
H3815,62.5,69,Yes
H3816,71.8,78,No
H3817,60.5,32,No
H3818,85.7,24,No
H3819,81.5,23,No
H3820,55.8,36,Yes
H3821,73.3,78,No
H3822,86.1,75,Yes
H3823,93.9,49,No
H3824,58.9,73,Yes
H3825,74.5,40,No
H3826,91.0,83,Yes
H3827,60.8,58,No
H3828,59.1,29,No
H3829,75.8,28,No
H3830,70.2,20,Yes
H3831,64.9,58,No
H3832,62.8,66,No
H3833,60.5,35,No
H3834,52.0,66,Yes
H3835,57.2,35,No
H3836,60.6,34,Yes
H3837,75.3,51,No
H3838,80.6,55,No
H3839,87.4,20,Yes
H3840,57.2,23,Yes
H3841,69.7,72,No
H3842,63.1,30,Yes
H3843,30.7,88,No
H3844,80.9,29,No
H3845,91.7,84,Yes
H3846,37.2,84,No
H3847,58.0,33,No
H3848,39.0,56,No
H3849,64.7,81,No
H3850,93.6,26,Yes
H3851,39.4,64,No
H3852,91.7,81,No
H3853,78.5,42,No
H3854,37.8,62,No
H3855,83.8,36,No
H3856,55.6,64,No
H3857,46.4,51,No
H3858,41.0,27,No
H3859,62.5,36,No
H3860,93.6,44,Yes
H3861,88.2,71,Yes
H3862,58.2,74,Yes
H3863,79.3,39,No
H3864,76.4,56,Yes
H3865,38.5,44,Yes
H3866,41.7,51,Yes
H3867,56.9,77,Yes
H3868,63.2,60,No
H3869,91.2,64,No
H3870,30.4,70,Yes
H3871,32.9,31,Yes
H3872,84.7,29,No
H3873,76.8,44,Yes
H3874,67.3,51,Yes
H3875,67.2,51,No
H3876,68.9,73,No
H3877,81.5,82,Yes
H3878,87.4,37,No
H3879,64.9,42,Yes
H3880,52.0,34,Yes
H3881,54.1,41,No
H3882,43.1,79,No
H3883,69.3,75,Yes
H3884,80.0,66,Yes
H3885,52.2,32,No
H3886,41.7,58,No
H3887,94.3,49,No
H3888,32.6,42,No
H3889,71.4,72,No
H3890,73.6,82,Yes
H3891,88.3,87,Yes
H3892,52.2,38,No
H3893,59.9,75,Yes
H3894,55.6,82,Yes
H3895,48.9,63,No
H3896,66.5,24,Yes
H3897,75.7,33,Yes
H3898,87.9,20,No
H3899,84.9,62,Yes
H3900,37.3,37,Yes
H3901,86.7,51,Yes
H3902,66.5,35,Yes
H3903,91.0,45,No
H3904,51.7,28,Yes
H3905,50.3,47,No
H3906,94.6,66,Yes
H3907,61.0,87,Yes
H3908,55.4,82,No
H3909,56.3,22,Yes
H3910,50.2,47,Yes
H3911,84.9,74,Yes
H3912,61.3,42,Yes
H3913,89.4,45,Yes
H3914,69.7,81,Yes
H3915,49.4,23,Yes
H3916,84.0,61,Yes
H3917,73.0,27,No
H3918,81.2,50,No
H3919,61.2,32,Yes
H3920,62.9,62,No
H3921,58.4,59,Yes
H3922,90.2,85,Yes
H3923,88.2,29,No
H3924,92.5,80,No
H3925,45.3,49,No
H3926,39.0,66,No
H3927,63.9,79,Yes
H3928,80.7,61,Yes
H3929,62.4,56,No
H3930,70.5,50,No
H3931,42.3,26,Yes
H3932,90.8,29,No
H3933,72.7,22,No
H3934,70.7,87,No
H3935,49.5,79,No
H3936,93.7,29,No
H3937,80.7,89,Yes
H3938,35.1,21,No
H3939,50.1,76,Yes
H3940,35.5,25,Yes
H3941,88.3,26,No
H3942,83.5,63,Yes
H3943,89.7,81,No
H3944,78.7,75,No
H3945,94.2,87,No
H3946,48.2,42,Yes
H3947,58.8,55,No
H3948,88.3,67,No
H3949,42.5,39,No
H3950,56.1,63,Yes
H3951,36.3,28,Yes
H3952,30.7,32,Yes
H3953,53.6,23,No
H3954,47.3,66,No
H3955,58.0,42,Yes
H3956,78.5,55,No
H3957,74.7,70,Yes
H3958,39.1,29,No
H3959,51.1,47,Yes
H3960,62.8,80,No
H3961,49.2,21,No
H3962,72.3,20,No
H3963,89.6,75,No
H3964,38.7,59,Yes
H3965,37.8,37,Yes
H3966,86.2,37,Yes
H3967,56.5,77,No
H3968,55.2,47,No
H3969,77.8,84,Yes
H3970,47.4,33,Yes
H3971,70.8,48,No
H3972,40.7,64,No
H3973,77.5,61,No
H3974,63.8,33,No
H3975,34.2,22,Yes
H3976,65.0,78,Yes
H3977,59.3,58,No
H3978,52.5,35,Yes
H3979,72.7,21,No
H3980,47.8,60,Yes
H3981,77.4,64,No
H3982,56.1,47,No
H3983,85.5,81,No
H3984,85.8,86,Yes
H3985,94.0,78,No
H3986,75.3,87,No
H3987,33.8,73,No
H3988,69.0,24,Yes
H3989,32.2,57,Yes
H3990,70.4,32,Yes
H3991,89.8,64,No
H3992,63.2,87,No
H3993,88.5,23,Yes
H3994,31.0,88,Yes
H3995,85.3,89,Yes
H3996,51.6,79,No
H3997,64.3,30,No
H3998,69.9,22,No
H3999,57.7,49,No
H4000,51.1,84,No
H4001,57.4,27,Yes
H4002,38.4,78,Yes
H4003,58.3,65,No
H4004,60.7,80,No
H4005,80.2,40,Yes
H4006,66.9,33,No
H4007,40.1,30,Yes
H4008,44.8,80,Yes
H4009,45.5,43,Yes
H4010,40.2,57,No
H4011,36.0,69,Yes
H4012,71.7,55,No
H4013,75.7,46,No
H4014,36.0,38,Yes
H4015,49.1,28,No
H4016,87.4,88,Yes
H4017,79.4,32,Yes
H4018,36.6,66,No
H4019,78.8,48,No
H4020,39.9,23,No
H4021,38.5,60,No
H4022,91.7,58,No
H4023,93.4,83,No
H4024,47.4,66,Yes
H4025,74.6,28,Yes
H4026,72.5,69,Yes
H4027,53.0,72,No
H4028,80.7,45,No
H4029,55.9,49,No
H4030,44.1,83,Yes
H4031,73.0,56,Yes
H4032,76.2,25,Yes
H4033,50.8,53,Yes
H4034,92.8,35,No
H4035,48.3,88,Yes
H4036,62.5,69,Yes
H4037,33.6,53,Yes
H4038,50.0,68,Yes
H4039,65.9,25,Yes
H4040,82.1,75,No
H4041,47.1,65,No
H4042,40.9,46,No
H4043,90.5,55,Yes
H4044,37.1,75,Yes
H4045,72.8,83,No
H4046,61.5,39,No
H4047,68.7,26,No
H4048,67.0,52,No
H4049,85.0,60,Yes
H4050,83.0,59,Yes
H4051,86.7,78,No
H4052,53.1,71,Yes
H4053,62.5,54,Yes
H4054,36.8,22,No
H4055,93.7,80,No
H4056,85.5,31,Yes
H4057,47.9,48,Yes
H4058,74.2,25,Yes
H4059,93.5,73,No
H4060,65.5,21,Yes
H4061,50.0,22,No
H4062,32.3,37,No
H4063,52.9,83,Yes
H4064,42.7,79,No
H4065,35.6,48,No
H4066,33.5,58,Yes
H4067,67.4,44,Yes
H4068,32.1,39,No
H4069,69.8,48,Yes
H4070,51.1,71,Yes
H4071,49.8,40,Yes
H4072,58.3,33,Yes
H4073,60.4,85,Yes
H4074,48.1,28,No
H4075,31.7,43,Yes
H4076,51.9,78,Yes
H4077,59.6,22,No
H4078,61.2,59,Yes
H4079,75.3,89,Yes
H4080,80.9,62,No
H4081,89.7,41,Yes
H4082,66.5,26,Yes
H4083,41.5,82,No
H4084,43.5,77,No
H4085,50.4,74,Yes
H4086,51.0,66,No
H4087,59.1,61,No
H4088,45.6,62,Yes
H4089,39.3,52,No
H4090,57.0,83,No
H4091,50.0,57,Yes
H4092,38.2,53,No
H4093,89.9,72,No
H4094,79.9,66,Yes
H4095,40.1,24,No
H4096,37.3,72,Yes
H4097,34.9,87,No
H4098,38.8,48,Yes
H4099,83.9,37,Yes
H4100,93.4,72,Yes
H4101,37.8,33,No
H4102,53.8,78,Yes
H4103,60.3,32,Yes
H4104,77.3,78,No
H4105,32.3,50,Yes
H4106,40.1,73,Yes
H4107,51.4,72,Yes
H4108,86.4,51,No
H4109,75.5,26,No
H4110,38.9,30,No
H4111,39.3,42,Yes
H4112,94.5,72,No
H4113,49.3,80,No
H4114,80.0,88,No
H4115,50.9,35,Yes
H4116,31.7,26,Yes
H4117,58.2,24,Yes
H4118,85.9,85,Yes
H4119,41.4,42,Yes
H4120,49.2,31,Yes
H4121,61.1,60,Yes
H4122,71.0,57,Yes
H4123,57.6,30,Yes
H4124,78.3,66,No
H4125,70.5,59,No
H4126,72.9,58,Yes
H4127,43.3,46,Yes
H4128,91.8,83,Yes
H4129,74.7,57,Yes
H4130,39.6,78,Yes
H4131,83.6,64,Yes
H4132,88.8,51,Yes
H4133,93.8,50,Yes
H4134,47.1,37,Yes
H4135,37.7,35,No
H4136,81.3,87,Yes
H4137,89.7,83,No
H4138,37.4,54,No
H4139,69.4,50,No
H4140,60.6,40,No
H4141,93.0,55,Yes
H4142,87.3,54,No
H4143,46.7,41,Yes
H4144,79.1,67,Yes
H4145,58.2,34,No
H4146,69.9,64,Yes
H4147,42.7,42,Yes
H4148,51.1,65,No
H4149,48.2,28,No
H4150,64.6,35,Yes
H4151,44.6,61,Yes
H4152,77.3,38,Yes
H4153,66.3,40,Yes
H4154,41.1,23,Yes
H4155,34.0,67,Yes
H4156,36.0,73,No
H4157,52.1,69,Yes
H4158,63.5,28,Yes
H4159,86.1,72,Yes
H4160,75.2,84,Yes
H4161,67.3,57,Yes
H4162,53.3,34,No
H4163,36.8,57,No
H4164,77.3,36,No
H4165,33.9,87,Yes
H4166,30.6,59,Yes
H4167,55.0,83,Yes
H4168,38.7,88,No
H4169,47.8,23,Yes
H4170,70.6,50,Yes
H4171,34.3,71,Yes
H4172,90.3,35,No
H4173,91.5,63,Yes
H4174,90.2,53,Yes
H4175,34.4,22,No
H4176,73.6,37,No
H4177,70.5,61,Yes
H4178,47.0,42,No
H4179,90.6,84,Yes
H4180,62.3,64,Yes
H4181,94.8,50,Yes
H4182,90.6,28,No
H4183,87.2,20,No
H4184,89.0,48,No
H4185,87.5,80,No
H4186,71.7,60,Yes
H4187,80.0,64,No
H4188,63.1,27,Yes
H4189,56.2,67,Yes
H4190,51.5,47,Yes
H4191,75.2,84,No
H4192,38.0,59,No
H4193,66.0,30,No
H4194,73.0,39,No
H4195,87.2,51,Yes
H4196,39.5,44,No
H4197,91.9,66,Yes
H4198,80.1,51,No
H4199,93.4,63,Yes
H4200,45.6,54,No
H4201,85.1,72,Yes
H4202,34.8,28,No
H4203,65.5,34,No
H4204,71.9,59,Yes
H4205,88.0,75,Yes
H4206,67.7,35,Yes
H4207,58.3,20,Yes
H4208,49.7,43,Yes
H4209,47.5,38,Yes
H4210,79.1,27,No
H4211,40.0,60,No
H4212,73.8,29,No
H4213,38.5,69,No
H4214,31.2,20,No
H4215,85.9,21,Yes
H4216,64.3,37,No
H4217,46.1,80,No
H4218,57.2,79,Yes
H4219,90.9,87,Yes
H4220,65.3,44,Yes
H4221,41.7,44,Yes
H4222,37.8,34,No
H4223,80.1,33,No
H4224,58.5,63,No
H4225,57.7,83,Yes
H4226,31.0,20,Yes
H4227,78.6,66,No
H4228,30.1,34,Yes
H4229,51.9,87,Yes
H4230,94.7,45,Yes
H4231,39.8,89,No
H4232,40.0,81,Yes
H4233,45.1,88,No
H4234,44.7,84,No
H4235,88.4,54,No
H4236,91.8,45,No
H4237,32.5,32,No
H4238,91.1,78,No
H4239,67.7,41,No
H4240,44.7,79,No
H4241,36.1,87,Yes
H4242,37.6,68,No
H4243,58.5,54,No
H4244,82.1,73,No
H4245,47.0,39,Yes
H4246,83.0,46,Yes
H4247,84.7,33,No
H4248,42.6,72,Yes
H4249,56.2,35,No
H4250,81.6,71,No
H4251,41.0,28,No
H4252,38.1,48,Yes
H4253,67.4,74,Yes
H4254,81.9,35,Yes
H4255,51.8,70,No
H4256,58.2,24,No
H4257,49.5,78,Yes
H4258,71.6,71,Yes
H4259,94.3,72,No
H4260,60.2,24,Yes
H4261,80.7,49,Yes
H4262,61.4,54,No
H4263,54.3,67,No
H4264,56.0,47,No
H4265,36.4,52,Yes
H4266,49.1,67,Yes
H4267,75.1,69,Yes
H4268,32.8,57,No
H4269,37.8,57,Yes
H4270,40.0,56,Yes
H4271,93.7,83,No
H4272,67.1,31,No
H4273,69.7,45,No
H4274,38.9,43,No
H4275,72.8,77,Yes
H4276,65.2,79,No
H4277,82.2,52,No
H4278,80.6,60,No
H4279,41.6,84,Yes
H4280,30.3,68,Yes
H4281,72.4,44,No
H4282,87.8,30,Yes
H4283,49.7,49,No
H4284,53.9,88,No
H4285,62.7,52,No
H4286,43.6,75,Yes
H4287,47.0,50,No
H4288,77.9,36,Yes
H4289,54.5,82,No
H4290,83.6,67,No
H4291,64.2,89,No
H4292,70.5,53,No
H4293,48.2,28,Yes
H4294,50.1,76,No
H4295,91.5,76,Yes
H4296,51.4,49,No
H4297,52.1,27,Yes
H4298,83.6,56,Yes
H4299,90.8,22,Yes
H4300,93.5,82,No
H4301,62.9,44,Yes
H4302,30.6,44,Yes
H4303,49.5,24,No
H4304,54.4,79,No
H4305,39.2,42,Yes
H4306,41.5,88,No
H4307,46.6,22,No
H4308,70.1,37,Yes
H4309,42.1,20,Yes
H4310,83.3,32,Yes
H4311,64.7,53,No
H4312,70.7,79,No
H4313,77.5,57,No
H4314,50.2,81,Yes
H4315,48.6,25,No
H4316,61.8,72,Yes
H4317,54.6,53,No
H4318,52.7,29,Yes
H4319,46.6,23,Yes
H4320,50.6,76,No
H4321,79.2,55,No
H4322,68.4,52,No
H4323,54.1,63,Yes
H4324,50.1,70,No
H4325,87.8,53,Yes
H4326,73.2,67,No
H4327,61.8,30,No
H4328,42.3,47,Yes
H4329,67.4,20,Yes
H4330,89.8,73,No
H4331,81.8,45,No
H4332,56.5,26,Yes
H4333,75.4,68,Yes
H4334,48.2,88,No
H4335,90.5,53,No
H4336,63.0,69,No
H4337,55.5,27,No
H4338,48.5,23,Yes
H4339,82.6,36,No
H4340,86.5,48,Yes
H4341,40.4,62,Yes
H4342,46.8,63,Yes
H4343,51.0,89,Yes
H4344,82.5,63,Yes
H4345,38.6,81,No
H4346,60.6,62,No
H4347,75.5,47,Yes
H4348,54.5,56,No
H4349,87.0,65,Yes
H4350,44.4,76,No
H4351,45.9,24,No
H4352,34.1,72,No
H4353,76.4,52,Yes
H4354,30.9,56,No
H4355,52.3,35,No
H4356,35.7,86,Yes
H4357,51.7,68,No
H4358,64.1,76,Yes
H4359,42.7,39,No
H4360,72.9,72,Yes
H4361,31.9,42,No
H4362,60.0,46,Yes
H4363,86.3,72,No
H4364,91.2,37,Yes
H4365,67.1,70,Yes
H4366,69.0,33,Yes
H4367,47.9,88,No
H4368,78.7,57,No
H4369,68.3,22,No
H4370,36.2,67,No
H4371,51.4,84,No
H4372,72.2,20,Yes
H4373,56.0,68,No
H4374,63.6,66,Yes
H4375,39.6,80,No
H4376,36.5,52,No
H4377,69.7,39,No
H4378,35.0,36,Yes
H4379,86.5,36,Yes
H4380,36.7,28,No
H4381,37.9,74,No
H4382,38.6,75,No
H4383,69.6,89,No
H4384,86.8,26,No
H4385,69.2,38,No
H4386,47.1,47,No
H4387,75.1,46,Yes
H4388,30.8,85,Yes
H4389,47.5,81,Yes
H4390,60.3,78,No
H4391,45.8,39,No
H4392,38.6,71,Yes
H4393,49.2,87,No
H4394,62.6,40,No
H4395,56.2,44,No
H4396,55.8,65,Yes
H4397,34.4,72,Yes
H4398,48.2,83,No
H4399,93.8,28,Yes
H4400,42.6,62,No
H4401,43.5,35,No
H4402,81.9,31,Yes
H4403,70.7,34,No
H4404,43.7,83,Yes
H4405,85.2,53,No
H4406,83.4,60,No
H4407,76.9,62,No
H4408,94.8,56,No
H4409,80.8,73,No
H4410,61.8,57,Yes
H4411,81.0,44,Yes
H4412,88.1,86,No
H4413,32.1,87,Yes
H4414,84.7,79,Yes
H4415,66.4,37,Yes
H4416,81.7,81,No
H4417,93.6,87,No
H4418,48.7,88,Yes
H4419,66.0,84,Yes
H4420,94.5,57,No
H4421,87.9,57,No
H4422,69.8,50,Yes
H4423,62.5,89,No
H4424,32.8,33,No
H4425,63.7,35,No
H4426,70.1,20,Yes
H4427,50.7,31,No
H4428,70.7,64,Yes
H4429,55.3,58,No
H4430,49.3,38,No
H4431,76.9,52,No
H4432,59.2,50,No
H4433,66.2,59,No
H4434,72.0,27,No
H4435,68.1,76,No
H4436,75.0,78,No
H4437,60.4,24,Yes
H4438,34.0,88,Yes
H4439,90.4,25,Yes
H4440,86.5,36,Yes
H4441,86.2,68,No
H4442,85.2,78,No
H4443,80.1,80,No
H4444,58.0,75,Yes
H4445,87.5,76,Yes
H4446,76.5,86,Yes
H4447,45.9,45,Yes
H4448,62.1,33,No
H4449,37.1,20,Yes
H4450,83.0,64,No
H4451,89.0,38,No
H4452,43.9,21,Yes
H4453,63.9,83,Yes
H4454,62.0,26,Yes
H4455,38.2,77,Yes
H4456,38.7,88,Yes
H4457,89.2,65,No
H4458,92.4,39,Yes
H4459,76.7,59,Yes
H4460,38.6,41,Yes
H4461,94.8,44,Yes
H4462,52.1,35,No
H4463,31.6,74,Yes
H4464,30.9,24,No
H4465,49.9,74,No
H4466,36.1,29,No
H4467,43.8,58,Yes
H4468,71.9,80,No
H4469,35.4,58,No
H4470,75.7,38,Yes
H4471,75.4,78,No
H4472,82.2,21,Yes
H4473,67.7,36,Yes
H4474,31.6,33,No
H4475,53.3,49,No
H4476,32.2,38,No
H4477,90.6,25,No
H4478,61.4,62,Yes
H4479,31.6,69,Yes
H4480,53.3,35,No
H4481,61.2,58,Yes
H4482,49.9,74,No
H4483,88.6,53,No
H4484,55.8,58,No
H4485,92.7,21,Yes
H4486,39.5,22,Yes
H4487,84.5,58,No
H4488,88.2,40,No
H4489,43.2,85,No
H4490,48.4,87,No
H4491,90.3,87,No
H4492,54.8,44,Yes
H4493,71.8,48,Yes
H4494,70.0,83,Yes
H4495,66.7,55,Yes
H4496,42.6,60,Yes
H4497,30.9,71,Yes
H4498,58.7,78,Yes
H4499,59.5,89,No
H4500,58.2,28,No
H4501,32.6,82,Yes
H4502,61.9,71,No
H4503,61.3,89,Yes
H4504,50.6,78,No
H4505,88.4,40,No
H4506,52.6,35,No
H4507,77.4,43,Yes
H4508,59.7,39,Yes
H4509,51.9,78,Yes
H4510,91.0,23,No
H4511,60.8,26,Yes
H4512,92.4,49,Yes
H4513,93.6,89,Yes
H4514,79.3,87,Yes
H4515,81.5,41,No
H4516,40.1,77,Yes
H4517,58.7,38,No
H4518,41.3,73,Yes
H4519,90.8,26,No
H4520,39.6,85,No
H4521,49.5,30,No
H4522,81.6,56,Yes
H4523,75.2,67,No
H4524,81.9,21,Yes
H4525,65.9,30,No
H4526,60.8,61,Yes
H4527,34.0,57,No
H4528,31.0,70,Yes
H4529,39.1,59,Yes
H4530,49.1,67,No
H4531,43.0,23,Yes
H4532,32.7,46,Yes
H4533,85.5,65,Yes
H4534,70.1,67,No
H4535,80.8,81,No
H4536,73.2,57,No
H4537,33.5,76,Yes
H4538,45.6,31,Yes
H4539,74.9,41,Yes
H4540,71.2,74,Yes
H4541,87.9,71,Yes
H4542,88.1,30,Yes
H4543,74.5,24,No
H4544,55.0,80,No
H4545,39.1,34,Yes
H4546,65.8,78,Yes
H4547,70.2,33,Yes
H4548,53.6,41,No
H4549,73.7,70,Yes
H4550,92.9,27,Yes
H4551,47.5,82,No
H4552,41.8,63,No
H4553,57.2,42,No
H4554,41.6,69,No
H4555,45.0,55,No
H4556,48.0,66,No
H4557,62.4,29,No
H4558,54.9,49,Yes
H4559,55.2,78,No
H4560,67.6,70,Yes
H4561,78.6,73,Yes
H4562,57.8,28,No
H4563,73.5,39,No
H4564,41.1,87,No
H4565,50.7,49,Yes
H4566,91.2,63,Yes
H4567,31.9,59,Yes
H4568,41.0,52,Yes
H4569,77.1,32,Yes
H4570,80.7,27,Yes
H4571,93.9,68,No
H4572,31.1,65,Yes
H4573,75.7,71,Yes
H4574,63.7,55,Yes
H4575,74.1,83,Yes
H4576,63.3,56,Yes
H4577,68.5,51,No
H4578,94.2,73,Yes
H4579,88.2,28,No
H4580,93.8,31,Yes
H4581,48.8,28,Yes
H4582,52.2,27,No
H4583,62.5,20,Yes
H4584,83.0,84,Yes
H4585,41.4,59,No
H4586,43.0,48,No
H4587,45.1,78,No
H4588,62.0,52,Yes
H4589,90.8,29,Yes
H4590,56.1,24,No
H4591,72.8,88,No
H4592,53.7,72,No
H4593,80.3,48,No
H4594,70.9,58,No
H4595,57.6,79,Yes
H4596,63.9,45,No
H4597,37.8,29,Yes
H4598,74.8,23,Yes
H4599,60.6,70,No
H4600,59.9,27,No
H4601,73.5,29,Yes
H4602,88.3,48,Yes
H4603,52.7,85,No
H4604,37.9,80,Yes
H4605,69.3,33,Yes
H4606,78.8,59,No
H4607,78.5,71,Yes
H4608,48.6,58,No
H4609,44.1,20,Yes
H4610,84.5,48,Yes
H4611,31.3,58,No
H4612,83.5,20,Yes
H4613,92.1,66,Yes
H4614,60.4,68,Yes
H4615,66.0,83,No
H4616,33.5,20,No
H4617,35.4,39,No
H4618,79.0,37,Yes
H4619,94.2,81,No
H4620,33.2,85,No
H4621,84.5,51,Yes
H4622,45.7,43,No
H4623,68.9,84,No
H4624,71.8,87,No
H4625,88.3,50,No
H4626,39.9,83,Yes
H4627,66.4,81,No
H4628,48.5,45,Yes
H4629,35.1,24,No
H4630,31.3,33,Yes
H4631,74.7,60,Yes
H4632,42.1,48,Yes
H4633,41.5,80,Yes
H4634,45.0,27,Yes
H4635,30.6,42,No
H4636,81.2,38,No
H4637,57.9,39,Yes
H4638,84.0,83,No
H4639,92.1,42,No
H4640,49.9,72,No
H4641,42.6,54,Yes
H4642,79.8,40,Yes
H4643,42.5,24,Yes
H4644,34.1,49,Yes
H4645,85.0,63,Yes
H4646,31.1,42,Yes
H4647,82.2,40,No
H4648,73.1,81,No
H4649,63.4,61,Yes
H4650,71.6,89,No
H4651,57.3,70,Yes
H4652,67.2,71,No
H4653,77.7,52,No
H4654,40.0,55,Yes
H4655,36.0,78,Yes
H4656,45.8,80,Yes
H4657,79.8,66,Yes
H4658,39.8,81,Yes
H4659,78.4,87,No
H4660,70.6,31,Yes
H4661,30.4,84,No
H4662,48.0,36,No
H4663,38.2,31,No
H4664,62.7,49,No
H4665,78.0,75,No
H4666,59.2,44,Yes
H4667,41.8,83,No
H4668,54.0,73,Yes
H4669,81.5,66,No
H4670,50.6,43,No
H4671,56.5,73,No
H4672,56.5,32,No
H4673,62.5,84,No
H4674,49.5,78,Yes
H4675,39.2,65,No
H4676,66.0,59,Yes
H4677,48.4,64,No
H4678,95.0,44,Yes
H4679,32.5,22,Yes
H4680,91.6,42,Yes
H4681,88.5,57,Yes
H4682,61.1,32,No
H4683,67.2,66,No
H4684,45.2,69,Yes
H4685,59.2,41,No
H4686,59.3,76,Yes
H4687,61.8,67,No
H4688,64.4,26,Yes
H4689,36.2,75,No
H4690,45.4,48,No
H4691,33.1,27,No
H4692,94.3,49,Yes
H4693,87.4,41,No
H4694,30.8,37,Yes
H4695,63.1,28,Yes
H4696,71.2,44,No
H4697,81.3,85,Yes
H4698,88.8,49,Yes
H4699,66.9,83,No
H4700,36.1,65,Yes
H4701,47.9,64,No
H4702,41.2,31,No
H4703,73.2,67,Yes
H4704,92.4,73,No
H4705,70.0,74,No
H4706,33.0,21,Yes
H4707,56.6,35,Yes
H4708,82.0,46,No
H4709,76.0,62,Yes
H4710,37.9,76,Yes
H4711,80.5,68,No
H4712,44.5,62,Yes
H4713,62.3,67,No
H4714,50.7,58,Yes
H4715,87.6,84,No
H4716,45.3,88,Yes
H4717,32.7,29,No
H4718,84.0,74,No
H4719,30.5,40,No
H4720,42.9,60,Yes
H4721,62.3,34,No
H4722,61.4,24,Yes
H4723,60.5,61,Yes
H4724,74.4,30,No
H4725,91.5,88,No
H4726,33.3,50,Yes
H4727,82.1,45,Yes
H4728,82.3,38,No
H4729,37.7,72,Yes
H4730,55.0,53,No
H4731,37.7,74,No
H4732,38.6,49,Yes
H4733,45.5,32,No
H4734,49.1,75,Yes
H4735,51.9,65,No
H4736,90.4,39,Yes
H4737,92.8,61,Yes
H4738,42.6,85,Yes
H4739,36.2,76,Yes
H4740,87.3,81,Yes
H4741,41.6,30,Yes
H4742,56.5,29,Yes
H4743,63.2,45,Yes
H4744,36.6,87,No
H4745,42.7,70,Yes
H4746,70.4,23,No
H4747,78.3,78,Yes
H4748,49.4,58,No
H4749,74.6,25,No
H4750,32.7,29,No
H4751,91.2,76,No
H4752,62.0,84,Yes
H4753,74.5,81,No
H4754,45.4,35,Yes
H4755,58.7,47,Yes
H4756,72.1,46,Yes
H4757,72.3,40,No
H4758,74.2,39,Yes
H4759,49.4,59,Yes
H4760,94.7,56,Yes
H4761,54.9,53,Yes
H4762,80.7,79,Yes
H4763,59.4,60,No
H4764,39.6,33,No
H4765,32.3,37,No
H4766,86.6,64,Yes
H4767,35.4,59,Yes
H4768,42.0,65,Yes
H4769,61.6,83,No
H4770,66.2,36,No
H4771,46.2,36,No
H4772,71.4,69,Yes
H4773,81.4,69,No
H4774,60.7,57,No
H4775,45.3,75,Yes
H4776,51.3,40,Yes
H4777,66.7,35,Yes
H4778,49.0,83,No
H4779,56.1,84,No
H4780,30.5,77,No
H4781,91.4,53,Yes
H4782,32.3,53,Yes
H4783,62.9,62,Yes
H4784,92.9,61,Yes
H4785,57.2,27,Yes
H4786,50.7,35,No
H4787,70.5,44,No
H4788,47.2,35,Yes
H4789,77.5,28,Yes
H4790,46.1,88,Yes
H4791,92.7,74,Yes
H4792,55.3,68,Yes
H4793,32.4,21,Yes
H4794,53.0,39,No
H4795,80.6,36,No
H4796,65.6,40,Yes
H4797,39.8,41,No
H4798,38.6,49,No
H4799,60.4,36,Yes
H4800,88.9,40,No
H4801,72.2,33,Yes
H4802,73.6,40,Yes
H4803,92.8,77,Yes
H4804,68.2,89,Yes
H4805,70.9,66,No
H4806,93.0,78,No
H4807,84.8,23,No
H4808,91.3,32,No
H4809,58.4,47,No
H4810,34.2,21,No
H4811,57.7,83,No
H4812,66.5,84,No
H4813,84.5,43,Yes
H4814,45.0,77,No
H4815,93.9,28,Yes
H4816,78.7,48,Yes
H4817,91.3,68,No
H4818,54.9,46,Yes
H4819,36.9,58,No
H4820,74.0,89,Yes
H4821,75.7,43,Yes
H4822,91.7,74,No
H4823,59.0,61,Yes
H4824,74.2,81,Yes
H4825,39.7,58,No
H4826,62.7,64,Yes
H4827,51.2,27,Yes
H4828,52.4,60,Yes
H4829,48.7,28,Yes
H4830,74.1,82,No
H4831,30.2,30,Yes
H4832,79.9,55,Yes
H4833,66.2,44,Yes
H4834,32.0,37,No
H4835,31.5,31,Yes
H4836,33.3,77,Yes
H4837,39.2,69,No
H4838,54.1,24,No
H4839,30.8,21,Yes
H4840,80.1,56,No
H4841,50.4,60,Yes
H4842,42.4,44,No
H4843,43.2,70,No
H4844,42.6,47,No
H4845,31.7,68,No
H4846,82.0,68,No
H4847,49.2,73,Yes
H4848,36.5,39,No
H4849,87.3,66,No
H4850,67.6,60,No
H4851,85.4,33,No
H4852,89.7,31,No
H4853,54.9,83,No
H4854,39.2,43,No
H4855,42.4,24,Yes
H4856,47.5,82,No
H4857,55.6,20,No
H4858,92.1,48,No
H4859,72.2,54,Yes
H4860,65.1,58,No
H4861,77.1,27,Yes
H4862,82.6,88,Yes
H4863,79.3,33,No
H4864,57.1,76,No
H4865,94.6,64,Yes
H4866,94.0,27,No
H4867,78.3,50,No
H4868,68.3,69,No
H4869,40.5,28,No
H4870,87.5,45,No
H4871,68.5,35,No
H4872,33.4,70,No
H4873,33.4,54,No
H4874,74.5,26,No
H4875,68.7,29,No
H4876,62.9,50,No
H4877,36.8,36,Yes
H4878,86.5,62,No
H4879,64.3,68,No
H4880,65.8,89,No
H4881,44.1,70,No
H4882,71.3,50,No
H4883,56.3,52,Yes
H4884,88.5,35,Yes
H4885,86.1,80,No
H4886,64.2,82,No
H4887,88.6,48,Yes
H4888,62.5,43,Yes
H4889,79.2,42,No
H4890,62.9,22,Yes
H4891,65.9,43,Yes
H4892,60.4,65,No
H4893,90.6,41,No
H4894,92.8,89,No
H4895,76.1,35,No
H4896,33.4,68,No
H4897,72.5,56,No
H4898,72.7,88,Yes
H4899,88.1,52,Yes
H4900,38.2,32,Yes
H4901,41.7,42,Yes
H4902,58.2,60,Yes
H4903,80.5,25,Yes
H4904,53.1,40,No
H4905,70.9,29,Yes
H4906,58.2,34,No
H4907,90.6,69,No
H4908,36.3,24,Yes
H4909,43.0,32,Yes
H4910,83.3,79,Yes
H4911,48.9,62,No
H4912,34.3,46,No
H4913,32.9,87,Yes
H4914,77.4,64,Yes
H4915,92.3,82,No
H4916,79.2,42,No
H4917,47.5,65,No
H4918,41.1,47,Yes
H4919,66.0,38,Yes
H4920,87.1,83,No
H4921,35.0,43,No
H4922,44.6,84,No
H4923,36.4,21,Yes
H4924,58.2,37,Yes
H4925,40.4,35,Yes
H4926,30.4,28,No
H4927,77.3,39,Yes
H4928,83.1,31,No
H4929,71.6,44,Yes
H4930,42.4,88,Yes
H4931,86.0,60,No
H4932,68.1,56,No
H4933,43.5,50,No
H4934,49.4,47,Yes
H4935,37.9,84,No
H4936,39.6,34,Yes
H4937,94.5,81,No
H4938,46.3,43,Yes
H4939,67.0,65,No
H4940,64.4,38,Yes
H4941,70.4,23,Yes
H4942,93.1,74,Yes
H4943,38.1,54,Yes
H4944,76.5,21,Yes
H4945,75.5,70,Yes
H4946,78.1,77,Yes
H4947,67.5,58,No
H4948,56.7,48,Yes
H4949,40.8,24,Yes
H4950,30.9,26,No
H4951,63.3,27,Yes
H4952,80.9,55,No
H4953,38.7,89,No
H4954,56.9,48,No
H4955,68.6,84,No
H4956,68.2,76,No
H4957,32.7,80,Yes
H4958,68.5,80,No
H4959,74.2,24,Yes
H4960,37.1,46,No
H4961,68.7,82,Yes
H4962,55.6,24,Yes
H4963,65.8,81,Yes
H4964,63.7,59,No
H4965,54.3,20,Yes
H4966,71.0,52,No
H4967,92.4,35,No
H4968,89.6,22,No
H4969,36.1,65,Yes
H4970,31.7,42,Yes
H4971,60.7,71,No
H4972,75.0,84,No
H4973,31.7,66,Yes
H4974,75.5,83,Yes
H4975,49.1,86,Yes
H4976,59.9,82,Yes
H4977,43.0,45,No
H4978,66.6,35,No
H4979,36.7,59,No
H4980,43.3,75,No
H4981,80.9,51,Yes
H4982,55.6,50,No
H4983,46.9,76,No
H4984,92.8,27,No
H4985,87.0,51,No
H4986,61.0,83,Yes
H4987,42.0,58,Yes
H4988,53.7,25,No
H4989,70.6,38,No
H4990,61.6,26,No
H4991,34.7,81,Yes
H4992,50.7,24,No
H4993,52.1,75,No
H4994,34.0,36,Yes
H4995,56.6,80,No
H4996,59.0,62,Yes
H4997,79.9,53,No
H4998,47.2,72,Yes
H4999,38.6,59,No
H5000,53.7,77,No
